title,url,emoji,source,jupyter,colab,type,date,views,main,additional,rating,comment
–ö–∞–∫ –ø–æ–¥—Ä—É–∂–∏—Ç—å Python –∏ –±–∞–∑—ã –¥–∞–Ω–Ω—ã—Ö SQL. –ü–æ–¥—Ä–æ–±–Ω–æ–µ —Ä—É–∫–æ–≤–æ–¥—Å—Ç–≤–æ,https://proglib.io/p/kak-podruzhit-python-i-bazy-dannyh-sql-podrobnoe-rukovodstvo-2020-02-27,üìùüåü,https://realpython.com/python-sql-libraries/,,,–ø–µ—Ä–µ–≤–æ–¥,2020-02-27,22741.0,Python,,5.0,
Python –∏ –¥–∏–Ω–∞–º–∏—á–µ—Å–∫–æ–µ –ø—Ä–æ–≥—Ä–∞–º–º–∏—Ä–æ–≤–∞–Ω–∏–µ –Ω–∞ –ø—Ä–∏–º–µ—Ä–µ –∑–∞–¥–∞—á–∏ –æ —Ä—é–∫–∑–∞–∫–µ,https://proglib.io/p/python-i-dinamicheskoe-programmirovanie-na-primere-zadachi-o-ryukzake-2020-02-04,üî¢,https://towardsdatascience.com/choosing-fast-with-dynamic-programming-b6916da543f4,,,–ø–µ—Ä–µ–≤–æ–¥,2020-02-04,6289.0,Python,,4.0,
–ö–∞–∫ –æ–ø—É–±–ª–∏–∫–æ–≤–∞—Ç—å —Å–≤–æ—é Python –±–∏–±–ª–∏–æ—Ç–µ–∫—É –Ω–∞ PyPI,https://proglib.io/p/kak-opublikovat-svoyu-python-biblioteku-na-pypi-2020-01-28,üìù,https://towardsdatascience.com/make-your-own-python-package-6d08a400fc2d,,,–ø–µ—Ä–µ–≤–æ–¥,2020-01-28,3031.0,Python,,3.0,
–í–µ–±-—Å–∫—Ä–∞–ø–∏–Ω–≥ –ø–æ —Ä–∞—Å–ø–∏—Å–∞–Ω–∏—é —Å Django –∏ Heroku,https://proglib.io/p/veb-skraping-po-raspisaniyu-s-heroku-i-django-2020-01-17,üìù,https://towardsdatascience.com/scheduled-web-scraping-with-django-and-heroku-e832e1363c7a?source=rss----7f60cf5620c9---4,,,–ø–µ—Ä–µ–≤–æ–¥,2020-01-17,7271.0,Python,,3.0,
–ò–ª–ª—é—Å—Ç—Ä–∏—Ä–æ–≤–∞–Ω–Ω–æ–µ —Ä—É–∫–æ–≤–æ–¥—Å—Ç–≤–æ –ø–æ –∏–∑–º–µ–Ω–µ–Ω–∏—é —Ñ–æ—Ä–º—ã –º–∞—Å—Å–∏–≤–æ–≤ NumPy,https://proglib.io/p/illyustrirovannoe-rukovodstvo-po-izmeneniyu-formy-mnogomernyh-massivov-numpy-2020-01-12,üî¢,https://towardsdatascience.com/reshaping-numpy-arrays-in-python-a-step-by-step-pictorial-tutorial-aed5f471cf0b,,,–ø–µ—Ä–µ–≤–æ–¥,2020-01-12,3977.0,Python,,3.0,
–ò—Ç–µ—Ä–∏—Ä—É–µ–º—Å—è –ø—Ä–∞–≤–∏–ª—å–Ω–æ: 20 –ø—Ä–∏–µ–º–æ–≤ –∏—Å–ø–æ–ª—å–∑–æ–≤–∞–Ω–∏—è –≤ Python –º–æ–¥—É–ª—è itertools,https://proglib.io/p/iteriruemsya-pravilno-20-priemov-ispolzovaniya-v-python-modulya-itertools-2020-01-03,üåü,,,https://colab.research.google.com/github/matyushkin/lessons/blob/master/itertools/common.ipynb,—Å—Ç–∞—Ç—å—è,2020-01-03,8558.0,Python,,5.0,
"–ù–µ –∏–∑–æ–±—Ä–µ—Ç–∞—Ç—å –≤–µ–ª–æ—Å–∏–ø–µ–¥, –∏–ª–∏ –û–±–∑–æ—Ä –º–æ–¥—É–ª—è collections –≤ Python",https://proglib.io/p/ne-izobretat-velosiped-ili-obzor-modulya-collections-v-python-2019-12-15,üåü,,,https://colab.research.google.com/github/matyushkin/lessons/blob/master/collections/collections.ipynb,—Å—Ç–∞—Ç—å—è,2019-12-15,7736.0,Python,,5.0,
–ù–∞–∑–∞–¥ –≤ –±—É–¥—É—â–µ–µ: –ø—Ä–∞–∫—Ç–∏—á–µ—Å–∫–æ–µ —Ä—É–∫–æ–≤–æ–¥—Å—Ç–≤–æ –ø–æ –ø—É—Ç–µ—à–µ—Å—Ç–≤–∏—é –≤–æ –≤—Ä–µ–º–µ–Ω–∏ —Å Python,https://proglib.io/p/nazad-v-budushchee-prakticheskoe-rukovodstvo-po-puteshestviyu-vo-vremeni-s-python-2019-12-01,üåü,,,https://colab.research.google.com/github/matyushkin/lessons/blob/master/time/time_related.ipynb,—Å—Ç–∞—Ç—å—è,2019-12-01,4301.0,Python,,5.0,
–¢–µ—Å—Ç –Ω–∞ –∑–Ω–∞–Ω–∏—è –æ –Ω–µ–æ–±—ã—á–Ω–æ–º –ø–æ–≤–µ–¥–µ–Ω–∏–∏ Python,https://proglib.io/tests/test-na-obshchie-znaniya-dlya-middle-python-razrabotchika,üôã,,,,—Ç–µ—Å—Ç,2019-11-01,52887.0,Python,,4.0,
10 —Å–æ–≤–µ—Ç–æ–≤ –∫–∞–∫ –Ω–∞—É—á–∏—Ç—å —Ä–µ–±–µ–Ω–∫–∞ –ø—Ä–æ–≥—Ä–∞–º–º–∏—Ä–æ–≤–∞—Ç—å –Ω–∞ Python,https://proglib.io/p/10-sovetov-o-tom-kak-nauchit-rebenka-programmirovat-na-python-2019-10-12,üßí,,,,—Å—Ç–∞—Ç—å—è,2019-10-12,11910.0,Python,,3.0,
–ü–∏—à–µ–º –ø—Ä–æ–≥—Ä–∞–º–º—É –¥–ª—è –∞–≤—Ç–æ–º–∞—Ç–∏—á–µ—Å–∫–æ–≥–æ —Ä–∞—Å–ø–æ–∑–Ω–∞–≤–∞–Ω–∏—è –æ–±—ä–µ–∫—Ç–æ–≤ —Å –≤–µ–±-–∫–∞–º–µ—Ä,https://proglib.io/p/pishem-programmu-dlya-avtomaticheskogo-raspoznavaniya-obektov-s-veb-kamer-2019-10-05,üìù,https://www.pyimagesearch.com/2019/04/15/live-video-streaming-over-network-with-opencv-and-imagezmq/,,,–ø–µ—Ä–µ–≤–æ–¥,2019-10-05,19436.0,Python,,3.0,
–°–ø–∞—Å–∞—Ç–µ–ª—å–Ω—ã–π –∫—Ä—É–≥ –¥–ª—è —Å–æ–±–µ—Å–µ–¥–æ–≤–∞–Ω–∏—è –Ω–∞ Python-—Ä–∞–∑—Ä–∞–±–æ—Ç—á–∏–∫–∞,https://proglib.io/p/py-interview,üï¥,,,,–ø–µ—Ä–µ–≤–æ–¥,2019-07-25,26566.0,Python,—Å–æ–±–µ—Å–µ–¥–æ–≤–∞–Ω–∏–µ,2.0,
–¢—Ä–µ–±–æ–≤–∞–Ω–∏—è –∫ Python-—Ä–∞–∑—Ä–∞–±–æ—Ç—á–∏–∫—É –Ω–∞ –º–∏—Ä–æ–≤–æ–º —Ä—ã–Ω–∫–µ 2019 –≥–æ–¥–∞,https://proglib.io/p/python-dev-2019,üï¥,https://hackernoon.com/what-do-companies-expect-from-python-devs-in-2019-f8b585a1ddf,,,–ø–µ—Ä–µ–≤–æ–¥,2019-04-29,44381.0,Python,,2.0,
–ë—ã—Å—Ç—Ä—ã–π –ø—É—Ç–µ–≤–æ–¥–∏—Ç–µ–ª—å –ø–æ Python: c–ø–∏—Å–∫–∏ –∑–∞ 7 –º–∏–Ω—É—Ç,https://proglib.io/p/python-lists,,https://www.freecodecamp.org/news/a-quick-yet-complete-tour-of-lists-in-python3-in-just-seven-minutes-437e615110d0/,,,–ø–µ—Ä–µ–≤–æ–¥,2019-04-19,10064.0,Python,—Å–ø–∏—Å–∫–∏,2.0,
Pythran: –∫–∞–∫ –∑–∞—Å—Ç–∞–≤–∏—Ç—å —Ä–∞–±–æ—Ç–∞—Ç—å –∫–æ–¥ Python —Å–æ —Å–∫–æ—Ä–æ—Å—Ç—å—é –°++,https://proglib.io/p/pythran,ü§î,https://medium.com/@olivier.borderies/pythran-python-at-c-speed-518f26af60e8,,,–ø–µ—Ä–µ–≤–æ–¥,2019-02-12,27081.0,Python,Pythran,2.0,
–í–∏–¥–µ–æ 10 –ª—É—á—à–∏—Ö –¥–æ–∫–ª–∞–¥–æ–≤ –æ Python –Ω–∞ –∫–æ–Ω—Ñ–µ—Ä–µ–Ω—Ü–∏–∏ PyCon,https://proglib.io/p/top10-pycon,‚ñ∂Ô∏è,https://realpython.com/must-watch-pycon-talks/,,,—Å—Ç–∞—Ç—å—è,2018-11-08,7590.0,Python,–¥–æ–∫–ª–∞–¥—ã,3.0,
"–¢–û–ü-15 —Ç—Ä—é–∫–æ–≤ –≤ Python 3, –¥–µ–ª–∞—é—â–∏—Ö –∫–æ–¥ –ø–æ–Ω—è—Ç–Ω–µ–µ –∏ –±—ã—Å—Ç—Ä–µ–µ",https://proglib.io/p/python-tricks,,,,,–ø–µ—Ä–µ–≤–æ–¥,2018-08-28,60202.0,Python,,3.0,
–¢–û–ü-10 –∞–Ω–≥–ª–æ—è–∑—ã—á–Ω—ã—Ö –ø—É–±–ª–∏–∫–∞—Ü–∏–π –ø–æ Python –∑–∞ –∞–ø—Ä–µ–ª—å 2018,https://proglib.io/p/python-april-2018,üîó,https://github.com/Mybridge/python-articles/blob/master/src/05-2018.md,,,–ø–µ—Ä–µ–≤–æ–¥,2018-05-21,6263.0,Python,,2.0,
–ü–∞—Ä—Å–∏–Ω–≥ —Å–∞–π—Ç–æ–≤ –Ω–∞ Python: –ø–æ–¥—Ä–æ–±–Ω—ã–π –≤–∏–¥–µ–æ–∫—É—Ä—Å –∏ –ø—Ä–æ–≥—Ä–∞–º–º–Ω—ã–π –∫–æ–¥,https://proglib.io/p/parsing-course,‚ñ∂Ô∏è,,,,–ø–æ–¥–±–æ—Ä–∫–∞,2018-02-05,162242.0,Python,–ø–∞—Ä—Å–∏–Ω–≥,3.0,
"–†–µ–≥—É–ª—è—Ä–Ω—ã–µ –≤—ã—Ä–∞–∂–µ–Ω–∏—è, –ø–æ—Å–æ–±–∏–µ –¥–ª—è –Ω–æ–≤–∏—á–∫–æ–≤. –ß–∞—Å—Ç—å 1",https://habr.com/ru/post/115825,‚ñ∂Ô∏è,,,,–ø–µ—Ä–µ–≤–æ–¥,2011-03-20,812000.0,Python,—Ä–µ–≥—É–ª—è—Ä–Ω—ã–µ –≤—ã—Ä–∞–∂–µ–Ω–∏—è,3.0,
"–†–µ–≥—É–ª—è—Ä–Ω—ã–µ –≤—ã—Ä–∞–∂–µ–Ω–∏—è, –ø–æ—Å–æ–±–∏–µ –¥–ª—è –Ω–æ–≤–∏—á–∫–æ–≤. –ß–∞—Å—Ç—å 2",https://habr.com/ru/post/115436,,,,,–ø–µ—Ä–µ–≤–æ–¥,2011-03-20,228000.0,Python,—Ä–µ–≥—É–ª—è—Ä–Ω—ã–µ –≤—ã—Ä–∞–∂–µ–Ω–∏—è,3.0,
–ö–∞–∫ —Å–¥–µ–ª–∞—Ç—å –∏–∑ 123456789 —á–∏—Å–ª–æ 100 –∏–ª–∏ 0,https://habr.com/ru/post/115066,üî¢,,,,—Å—Ç–∞—Ç—å—è,2011-03-07,106000.0,Python,–∞–ª–≥–æ—Ä–∏—Ç–º—ã,4.0,
–ü—Ä–æ–≥—Ä–∞–º–º–∏—Ä–æ–≤–∞–Ω–∏–µ –∏ –Ω–∞—É—á–Ω—ã–µ –≤—ã—á–∏—Å–ª–µ–Ω–∏—è –Ω–∞ —è–∑—ã–∫–µ Python (–∫—É—Ä—Å –Ω–∞ –í–∏–∫–∏–≤–µ—Ä—Å–∏—Ç–µ—Ç–µ,https://ru.wikiversity.org/wiki/%D0%9F%D1%80%D0%BE%D0%B3%D1%80%D0%B0%D0%BC%D0%BC%D0%B8%D1%80%D0%BE%D0%B2%D0%B0%D0%BD%D0%B8%D0%B5_%D0%B8_%D0%BD%D0%B0%D1%83%D1%87%D0%BD%D1%8B%D0%B5_%D0%B2%D1%8B%D1%87%D0%B8%D1%81%D0%BB%D0%B5%D0%BD%D0%B8%D1%8F_%D0%BD%D0%B0_%D1%8F%D0%B7%D1%8B%D0%BA%D0%B5_Python,üë®‚ÄçüéìÔ∏è,,,,–∫—É—Ä—Å,2011-03-01,,Python,"–∫—É—Ä—Å, –Ω–∞—É—á–Ω—ã–µ –≤—ã—á–∏—Å–ª–µ–Ω–∏—è, Python 2",5.0,"–∫—É—Ä—Å –±—ã–ª –Ω–∞–ø–∏—Å–∞–Ω –¥–∞–≤–Ω–æ, –ø–æ—ç—Ç–æ–º—É –∏—Å–ø–æ–ª—å–∑—É–µ—Ç—Å—è –≤–µ—Ä—Å–∏—è Python 2"
–ù–µ–π—Ä–æ—Å–µ—Ç–∏ –≤ –ø–æ–º–æ—â—å –≥–µ–π–º–¥–µ–≤-—Ö—É–¥–æ–∂–Ω–∏–∫—É: –º–∞—à–∏–Ω–Ω–æ–µ –æ–±—É—á–µ–Ω–∏–µ –¥–ª—è —Å–æ–∑–¥–∞–Ω–∏—è –∏–≥—Ä–æ–≤–æ–≥–æ –ø–∏–∫—Å–µ–ª—å-–∞—Ä—Ç–∞,https://proglib.io/p/neyroseti-v-pomoshch-geymdev-hudozhniku-mashinnoe-obuchenie-dlya-sozdaniya-igrovogo-piksel-arta-2020-04-13,üïπÔ∏èüëÅÔ∏è,https://towardsdatascience.com/painting-pixel-art-with-machine-learning-5d21b260486,,,–ø–µ—Ä–µ–≤–æ–¥,2020-04-13,4889.0,–ì–ª—É–±–æ–∫–æ–µ –æ–±—É—á–µ–Ω–∏–µ,"–∞—Ä—Ç, –≥–µ–π–º–¥–µ–≤",4.0,
–ü—Ä–æ—Å—Ç–æ –¥–æ–±–∞–≤—å –Ω–µ–π—Ä–æ—Å–µ—Ç—å: 7 –∏—Å—Ç–æ—Ä–∏—á–µ—Å–∫–∏—Ö —Ñ–∏–ª—å–º–æ–≤ –≤ 4K –∏ 60 FPS,https://proglib.io/p/prosto-dobav-neyroset-7-istoricheskih-filmov-v-4k-i-60-fps-2020-03-15,‚ñ∂Ô∏èüëÅÔ∏è,,,,–ø–æ–¥–±–æ—Ä–∫–∞,2020-03-15,4282.0,–ì–ª—É–±–æ–∫–æ–µ –æ–±—É—á–µ–Ω–∏–µ,–≤–∏–¥–µ–æ,5.0,
–£—á–∏–º –∏—Å–∫—É—Å—Å—Ç–≤–µ–Ω–Ω—ã–π –∏–Ω—Ç–µ–ª–ª–µ–∫—Ç —Ä–∞—Å–∫—Ä–∞—à–∏–≤–∞—Ç—å –∫–æ–Ω—Ç—É—Ä–Ω—ã–µ –∏–∑–æ–±—Ä–∞–∂–µ–Ω–∏—è –ø–µ—Ä—Å–æ–Ω–∞–∂–µ–π –∞–Ω–∏–º–µ,https://proglib.io/p/sketch2color-uchim-iskusstvennyy-intellekt-raskrashivat-konturnye-izobrazheniya-personazhey-anime-2019-12-30,üñçÔ∏èüëÅÔ∏è,https://towardsdatascience.com/sketch-to-color-anime-translation-using-generative-adversarial-networks-gans-8f4f69594aeb,,,–ø–µ—Ä–µ–≤–æ–¥,2019-12-30,5282.0,–ì–ª—É–±–æ–∫–æ–µ –æ–±—É—á–µ–Ω–∏–µ,,3.0,
"–ì–æ–ª–æ—Å–æ–≤–æ–π DeepFake, –∏–ª–∏ –ö–∞–∫ —Ä–∞–±–æ—Ç–∞–µ—Ç —Ç–µ—Ö–Ω–æ–ª–æ–≥–∏—è –∫–ª–æ–Ω–∏—Ä–æ–≤–∞–Ω–∏—è –≥–æ–ª–æ—Å–∞",https://proglib.io/p/golosovoy-deepfake-ili-kak-rabotaet-tehnologiya-klonirovaniya-golosa-2019-12-11,üí¨,,,,–ø–µ—Ä–µ–≤–æ–¥,2019-12-11,20687.0,–ì–ª—É–±–æ–∫–æ–µ –æ–±—É—á–µ–Ω–∏–µ,,3.0,
DeepFake-—Ç—É—Ç–æ—Ä–∏–∞–ª: —Å–æ–∑–¥–∞–µ–º —Å–æ–±—Å—Ç–≤–µ–Ω–Ω—ã–π –¥–∏–ø—Ñ–µ–π–∫ –≤ DeepFaceLab,https://proglib.io/p/deepfake-tutorial-sozdaem-sobstvennyy-dipfeyk-v-deepfacelab-2019-11-16,üìù,https://github.com/iperov/DeepFaceLab/,,,–∏–Ω—Å—Ç—Ä—É–∫—Ü–∏—è,2019-11-16,104030.0,–ì–ª—É–±–æ–∫–æ–µ –æ–±—É—á–µ–Ω–∏–µ,,3.0,
–ê–≤—Ç–æ–º–∞—Ç–∏—á–µ—Å–∫–æ–µ —Ä–∞—Å–ø–æ–∑–Ω–∞–≤–∞–Ω–∏–µ –∞–≤—Ç–æ–º–æ–±–∏–ª—å–Ω—ã—Ö –Ω–æ–º–µ—Ä–æ–≤ –Ω–∞ Raspberry Pi,https://proglib.io/p/avtomaticheskoe-raspoznavanie-avtomobilnyh-nomerov-na-raspberry-pi-2019-11-01,üëÅÔ∏è,,,,–ø–µ—Ä–µ–≤–æ–¥,2019-11-01,5555.0,–ö–æ–º–ø—å—é—Ç–µ—Ä–Ω–æ–µ –∑—Ä–µ–Ω–∏–µ,"–∞–≤—Ç–æ–º–æ–±–∏–ª—å–Ω—ã–µ –Ω–æ–º–µ—Ä–∞, —Ä–∞—Å–ø–æ–∑–Ω–∞–≤–∞–Ω–∏–µ",3.0,
–£—á–µ–±–Ω—ã–π –ø–ª–∞–Ω –æ—Å–≤–æ–µ–Ω–∏—è –∫–æ–º–ø—å—é—Ç–µ—Ä–Ω–æ–≥–æ –∑—Ä–µ–Ω–∏—è –∑–∞ 8 –Ω–µ–¥–µ–ª—å,https://proglib.io/p/cv-plan,üë®‚ÄçüéìÔ∏èüëÅÔ∏è,,,,–ø–æ–¥–±–æ—Ä–∫–∞,2019-07-21,89279.0,–ö–æ–º–ø—å—é—Ç–µ—Ä–Ω–æ–µ –∑—Ä–µ–Ω–∏–µ,,3.0,
–ß–µ–∫-–ª–∏—Å—Ç –¥–ª—è –æ—Ç–ª–∞–¥–∫–∏ –Ω–µ–π—Ä–æ–Ω–Ω–æ–π —Å–µ—Ç–∏: 5 —à–∞–≥–æ–≤ –Ω–∞ –ø—É—Ç–∏ –∫ —É—Å–ø–µ—Ö—É,https://proglib.io/p/networks-debugging,üìù,https://towardsdatascience.com/checklist-for-debugging-neural-networks-d8b2a9434f21,,,–ø–µ—Ä–µ–≤–æ–¥,2019-04-12,9181.0,–ì–ª—É–±–æ–∫–æ–µ –æ–±—É—á–µ–Ω–∏–µ,,3.0,
TensorFlow —É–º–µ—Ä. –î–∞ –∑–¥—Ä–∞–≤—Å—Ç–≤—É–µ—Ç TensorFlow 2.0!,https://proglib.io/p/tensorflow2,üóûÔ∏è,,,,–ø–µ—Ä–µ–≤–æ–¥,2019-04-03,18083.0,–ì–ª—É–±–æ–∫–æ–µ –æ–±—É—á–µ–Ω–∏–µ,,3.0,
–§—Ä–µ–π–º–≤–æ—Ä–∫ –≥–ª—É–±–æ–∫–æ–≥–æ –æ–±—É—á–µ–Ω–∏—è –≤ 2019: –≤—ã–±–∏—Ä–∞–µ–º –∏–∑ 10 –ª—É—á—à–∏—Ö,https://proglib.io/p/dl-frameworks,,https://www.youtube.com/watch?v=SJldOOs4vB8,,,–ø–µ—Ä–µ–≤–æ–¥,2019-02-06,18817.0,–ì–ª—É–±–æ–∫–æ–µ –æ–±—É—á–µ–Ω–∏–µ,,3.0,
"7 —Ç—Ä—é–∫–æ–≤ –¥–ª—è –≥–ª—É–±–æ–∫–æ–≥–æ –æ–±—É—á–µ–Ω–∏—è, –æ –∫–æ—Ç–æ—Ä—ã—Ö –≤—ã –Ω–µ –∑–Ω–∞–ª–∏",https://proglib.io/p/deep-learning-tricks,,https://towardsdatascience.com/deep-learning-tips-and-tricks-1ef708ec5f53,,,–ø–µ—Ä–µ–≤–æ–¥,2019-07-14,18632.0,–ì–ª—É–±–æ–∫–æ–µ –æ–±—É—á–µ–Ω–∏–µ,,2.0,
–ù–∞–≥–ª—è–¥–Ω–æ –æ–±—ä—è—Å–Ω—è–µ–º –æ–ø–µ—Ä–∞—Ü–∏—é —Å–≤–µ—Ä—Ç–∫–∏ –≤ –º–æ–¥–µ–ª—è—Ö –≥–ª—É–±–æ–∫–æ–≥–æ –æ–±—É—á–µ–Ω–∏—è,https://proglib.io/p/convolution,üî¢,https://towardsdatascience.com/intuitively-understanding-convolutions-for-deep-learning-1f6f42faee1,,,–ø–µ—Ä–µ–≤–æ–¥,2018-07-08,35928.0,–ì–ª—É–±–æ–∫–æ–µ –æ–±—É—á–µ–Ω–∏–µ,,3.0,
–£—á–µ–±–Ω—ã–π –ø–ª–∞–Ω –∏–∑—É—á–µ–Ω–∏—è –æ—Å–Ω–æ–≤ –≥–ª—É–±–æ–∫–æ–≥–æ –æ–±—É—á–µ–Ω–∏—è –∏ –Ω–µ–π—Ä–æ—Å–µ—Ç–µ–π –∑–∞ 6 –Ω–µ–¥–µ–ª—å,https://proglib.io/p/deep-learning-in-6-weeks,üë®‚ÄçüéìÔ∏è,,,,–ø–æ–¥–±–æ—Ä–∫–∞,2018-06-08,45426.0,–ì–ª—É–±–æ–∫–æ–µ –æ–±—É—á–µ–Ω–∏–µ,,3.0,
–ù–∞–≥–ª—è–¥–Ω–æ–µ –≤–≤–µ–¥–µ–Ω–∏–µ –≤ –Ω–µ–π—Ä–æ—Å–µ—Ç–∏ –Ω–∞ –ø—Ä–∏–º–µ—Ä–µ —Ä–∞—Å–ø–æ–∑–Ω–∞–≤–∞–Ω–∏—è —Ü–∏—Ñ—Ä,https://proglib.io/p/neural-network-course,üëÅÔ∏è,,,,–ø–æ–¥–±–æ—Ä–∫–∞,2018-03-28,100720.0,–ì–ª—É–±–æ–∫–æ–µ –æ–±—É—á–µ–Ω–∏–µ,,3.0,
–ù–µ–π—Ä–æ–Ω–Ω–∞—è —Å–µ—Ç—å –Ω–∞ Python –≤ 15 —Å—Ç—Ä–æ–∫ –∫–æ–¥–∞ –¥–ª—è –¥–∏–∞–≥–Ω–æ—Å—Ç–∏–∫–∏ –¥–∏–∞–±–µ—Ç–∞,https://proglib.io/p/diabetes-network,,,,,–ø–æ–¥–±–æ—Ä–∫–∞,2018-02-06,65788.0,–ì–ª—É–±–æ–∫–æ–µ –æ–±—É—á–µ–Ω–∏–µ,,2.0,
–ß—Ç–æ –Ω–æ–≤–æ–≥–æ –≤ Pandas 1.0? üêº,https://proglib.io/p/chto-novogo-v-pandas-1-0-2020-01-23,üóûÔ∏è,https://towardsdatascience.com/whats-new-in-pandas-1-0-ffa99bd43a58,,,–ø–µ—Ä–µ–≤–æ–¥,2020-01-23,2608.0,Data Science,,3.0,
–û–±—É—á–µ–Ω–∏–µ –º–æ–¥–µ–ª–∏ –æ–±–Ω–∞—Ä—É–∂–µ–Ω–∏—è –æ–±—ä–µ–∫—Ç–æ–≤ YOLO –Ω–∞ –ø–æ–ª—å–∑–æ–≤–∞—Ç–µ–ª—å—Å–∫–æ–º –Ω–∞–±–æ—Ä–µ –¥–∞–Ω–Ω—ã—Ö,https://proglib.io/p/obuchenie-modeli-obnaruzheniya-obektov-yolo-na-polzovatelskom-nabore-dannyh-2020-01-21,üëÅÔ∏è,https://towardsdatascience.com/training-a-yolov3-object-detection-model-with-a-custom-dataset-4981fa480af0,,,–ø–µ—Ä–µ–≤–æ–¥,2020-01-21,2390.0,–ì–ª—É–±–æ–∫–æ–µ –æ–±—É—á–µ–Ω–∏–µ,,3.0,
7 –ª—É—á—à–∏—Ö –≤–∏–¥–µ–æ TED –ø–æ —Ç–µ–º–∞—Ç–∏–∫–µ Data Science,https://proglib.io/p/7-luchshih-video-ted-po-tematike-data-science-2020-01-20,‚ñ∂Ô∏è,https://towardsdatascience.com/best-ted-talks-for-data-science-11b699544f,,,–ø–æ–¥–±–æ—Ä–∫–∞,2020-01-20,5570.0,Data Science,–≤–∏–¥–µ–æ,3.0,
"–û–ø—ã—Ç —Ä–∞–∑—Ä–∞–±–æ—Ç–∫–∏: –ø–æ—á–µ–º—É –º—ã –ø–∏—à–µ–º –∏–Ω—Ñ—Ä–∞—Å—Ç—Ä—É–∫—Ç—É—Ä—É –º–∞—à–∏–Ω–Ω–æ–≥–æ –æ–±—É—á–µ–Ω–∏—è –Ω–∞ Go, –∞ –Ω–µ –Ω–∞ Python",https://proglib.io/p/opyt-razrabotki-pochemu-my-pishem-infrastrukturu-mashinnogo-obucheniya-na-go-a-ne-na-python-2020-01-15,,https://towardsdatascience.com/why-were-writing-machine-learning-infrastructure-in-go-not-python-38d6a37e2d76,,,–ø–µ—Ä–µ–≤–æ–¥,2020-01-15,5636.0,Data Science,"Go, Python",3.0,
–ê–Ω–∞–ª–∏–∑–∏—Ä—É–π –¥–∞–Ω–Ω—ã–µ —Å –ø–æ–º–æ—â—å—é –æ–¥–Ω–æ–π —Å—Ç—Ä–æ–∫–∏ –Ω–∞ Python,https://proglib.io/p/analiziruy-dannye-s-pomoshchyu-odnoy-stroki-koda-na-python-2019-10-02,üìä,https://towardsdatascience.com/exploring-your-data-with-just-1-line-of-python-4b35ce21a82d,,,–ø–µ—Ä–µ–≤–æ–¥,2019-10-02,64620.0,Data Science,Python,5.0,
Big Data: —Ä–∞–∑–º–µ—Ä –∏–º–µ–µ—Ç –∑–Ω–∞—á–µ–Ω–∏–µ,https://proglib.io/p/big-data-razmer-imeet-znachenie-2019-10-19,,,,,–ø–µ—Ä–µ–≤–æ–¥,2019-10-19,5314.0,Data Science,,3.0,
7 —Ñ—Ä–µ–π–º–≤–æ—Ä–∫–æ–≤ –∞–≤—Ç–æ–º–∞—Ç–∏—á–µ—Å–∫–æ–≥–æ –º–∞—à–∏–Ω–Ω–æ–≥–æ –æ–±—É—á–µ–Ω–∏—è,https://proglib.io/p/auto-ml,üîó,,,,–ø–µ—Ä–µ–≤–æ–¥,2019-08-08,9920.0,Data Science,AutoML,3.0,
–í—Å—Ç—Ä–µ—á–∞–π—Ç–µ: –≤–µ—Ä—Å–∏—è 4.0 –≥—Ä–∞—Ñ–∏—á–µ—Å–∫–æ–π –±–∏–±–ª–∏–æ—Ç–µ–∫–∏ plotly –¥–ª—è Python,https://proglib.io/p/plotly-4,üóûÔ∏è,,,,–ø–µ—Ä–µ–≤–æ–¥,2019-07-30,38907.0,Data Science,Plotly,3.0,
–ó–∞–±—É–¥—å—Ç–µ –æ matplotlib: –≤–∏–∑—É–∞–ª–∏–∑–∞—Ü–∏—è –¥–∞–Ω–Ω—ã—Ö –≤ Python –≤–º–µ—Å—Ç–µ —Å plotly,https://proglib.io/p/plotly,üìä,https://towardsdatascience.com/the-next-level-of-data-visualization-in-python-dd6e99039d5e,,,–ø–µ—Ä–µ–≤–æ–¥,2019-01-26,53133.0,Data Science,Plotly,3.0,
–¢–µ–æ—Ä–µ–º–∞ –ë–∞–π–µ—Å–∞: –°–≤—è—Ç–æ–π –ì—Ä–∞–∞–ª—å Data Science,https://proglib.io/p/bayes-theorem,‚ûó,https://towardsdatascience.com/bayes-theorem-the-holy-grail-of-data-science-55d93315defb,,,–ø–µ—Ä–µ–≤–æ–¥,2019-01-15,81490.0,Data Science,–º–∞—Ç–µ–º–∞—Ç–∏–∫–∞,3.0,
Jupyter Notebook: –≥–∞–ª–µ—Ä–µ—è –±–ª–æ–∫–Ω–æ—Ç–æ–≤ –ø–æ ML –∏ Data Science,https://proglib.io/p/jupyter-notebook-best,üåü,https://github.com/jupyter/jupyter/wiki/A-gallery-of-interesting-Jupyter-Notebooks,,,–ø–µ—Ä–µ–≤–æ–¥,2018-12-01,25064.0,Data Science,Jupyter,5.0,
–ò—Å–∫—É—Å—Å—Ç–≤–µ–Ω–Ω—ã–π –∏–Ω—Ç–µ–ª–ª–µ–∫—Ç –∏ —Ä–æ—Å—Ç –≤—ã—á–∏—Å–ª–∏—Ç–µ–ª—å–Ω—ã—Ö –º–æ—â–Ω–æ—Å—Ç–µ–π,https://proglib.io/p/ai-and-compute,,https://blog.openai.com/ai-and-compute/,,,–ø–µ—Ä–µ–≤–æ–¥,2018-06-14,5702.0,Data Science,,3.0,
–ú–Ω–µ–Ω–∏—è –ª—é–¥–µ–π –∏–∑ –∏–Ω–¥—É—Å—Ç—Ä–∏–∏ Data Science –æ —Ä–∞–∑–≤–∏—Ç–∏–∏ –æ—Ç—Ä–∞—Å–ª–∏,https://proglib.io/p/data-science-dialogues,‚ñ∂Ô∏è,,,,—Å—Ç–∞—Ç—å—è,2018-06-04,12771.0,Data Science,–º–Ω–µ–Ω–∏—è,4.0,
–¢–û–ü-10 –º–∏—Ä–æ–≤—ã—Ö –ø—É–±–ª–∏–∫–∞—Ü–∏–π –ø–æ –º–∞—à–∏–Ω–Ω–æ–º—É –æ–±—É—á–µ–Ω–∏—é –∑–∞ –∞–ø—Ä–µ–ª—å 2018,https://proglib.io/p/ml-april-2018,,https://github.com/Mybridge/machine-learning-articles,,,–ø–µ—Ä–µ–≤–æ–¥,2018-05-30,9994.0,Data Science,,3.0,
10 —Ä–µ—Ü–µ–ø—Ç–æ–≤ –º–∞—à–∏–Ω–Ω–æ–≥–æ –æ–±—É—á–µ–Ω–∏—è –æ—Ç —Ä–∞–∑—Ä–∞–±–æ—Ç—á–∏–∫–æ–≤ Google,https://proglib.io/p/google-ml-recipes,‚ñ∂Ô∏è,,,,–ø–µ—Ä–µ–≤–æ–¥,2018-05-19,90325.0,Data Science,Google,3.0,
JupyterLab –∏ Jupyter Notebook ‚Äî –º–æ—â–Ω—ã–µ –∏–Ω—Å—Ç—Ä—É–º–µ–Ω—Ç—ã Data Scienc,https://proglib.io/p/jupyter-notebook-best,üåü,https://github.com/jupyter/jupyter/wiki/A-gallery-of-interesting-Jupyter-Notebooks,,,—Å—Ç–∞—Ç—å—è,2018-12-01,25064.0,Data Science,,4.0,
–û—Ç –Ω–æ–≤–∏—á–∫–∞ –¥–æ –ø—Ä–æ—Ñ–∏ –≤ –º–∞—à–∏–Ω–Ω–æ–º –æ–±—É—á–µ–Ω–∏–∏ –∑–∞ 3 –º–µ—Å—è—Ü–∞,https://proglib.io/p/ml-3months,üë®‚ÄçüéìÔ∏è,,,,–ø–æ–¥–±–æ—Ä–∫–∞,2018-03-09,122080.0,Data Science,,5.0,
–°—Ç–∞—Ä—Ç–∞–ø –≤ —Å—Ñ–µ—Ä–µ –∏—Å–∫—É—Å—Å—Ç–≤–µ–Ω–Ω–æ–≥–æ –∏–Ω—Ç–µ–ª–ª–µ–∫—Ç–∞ –≤ 2018,https://proglib.io/p/ai-startup,,https://www.youtube.com/watch?v=9bbS-trc8ys,,,–ø–µ—Ä–µ–≤–æ–¥,2018-03-02,12785.0,Data Science,,3.0,
–¢—Ä–µ–π–¥–∏–Ω–≥ –∏ –º–∞—à–∏–Ω–Ω–æ–µ –æ–±—É—á–µ–Ω–∏–µ —Å –ø–æ–¥–∫—Ä–µ–ø–ª–µ–Ω–∏–µ–º,https://proglib.io/p/trade-learning,üìà,http://www.wildml.com/2018/02/introduction-to-learning-to-trade-with-reinforcement-learning/,,,–ø–µ—Ä–µ–≤–æ–¥,2018-02-15,33815.0,Data Science,,3.0,
Python –∏ R: —á—Ç–æ –≤—ã–±—Ä–∞—Ç—å –¥–ª—è Data Science –≤ 2018?,https://proglib.io/p/python-vs-r,,,,,–ø–µ—Ä–µ–≤–æ–¥,2018-01-16,31370.0,Data Science,"Python, R",3.0,
–°–æ–∑–¥–∞–µ–º –±–æ—Ç–∞ –≤ Facebook –Ω–∞ Python –º–µ–Ω–µ–µ —á–µ–º –∑–∞ 60 –º–∏–Ω—É—Ç,https://proglib.io/p/facebook-bot-with-python,ü§ñ,https://www.twilio.com/blog/2017/12/facebook-messenger-bot-python.html,,,–ø–µ—Ä–µ–≤–æ–¥,2018-01-11,26208.0,Python,Facebook,3.0,
–î–≤–æ–π–Ω—ã–µ —Ñ–∞–º–∏–ª–∏–∏,https://proglib.io/p/zadacha-o-dvoynyh-familiyah-2020-01-11,,,,,–≥–æ–ª–æ–≤–æ–ª–æ–º–∫–∞,2020-01-11,3032.0,–ì–æ–ª–æ–≤–æ–ª–æ–º–∫–∞,,5.0,
–°–ø—Ä—è—Ç–∞–Ω–Ω–æ–µ —Ä–µ—à–µ–Ω–∏–µ,https://proglib.io/p/zadacha-o-spryatannom-reshenii-2020-01-11,,,,,–≥–æ–ª–æ–≤–æ–ª–æ–º–∫–∞,2020-01-11,5281.0,–ì–æ–ª–æ–≤–æ–ª–æ–º–∫–∞,,5.0,
–û—Å—Ç—Ä–æ–≤ —Ö–∞–º–µ–ª–µ–æ–Ω–æ–≤,https://proglib.io/p/zadacha-ob-ostrove-hameleonov-2020-01-13,,,,,–≥–æ–ª–æ–≤–æ–ª–æ–º–∫–∞,2020-01-13,1685.0,–ì–æ–ª–æ–≤–æ–ª–æ–º–∫–∞,,5.0,
–ù–æ–º–µ—Ä –¢—å—é—Ä–∏–Ω–≥–∞,https://proglib.io/p/zadacha-o-familii-tyuringa-2020-01-14,,,,,–≥–æ–ª–æ–≤–æ–ª–æ–º–∫–∞,2020-01-14,1867.0,–ì–æ–ª–æ–≤–æ–ª–æ–º–∫–∞,,5.0,
–í—Ä–µ–º—è –≤–µ–ª–∏–∫–∏—Ö —É—á—ë–Ω—ã—Ö,https://proglib.io/p/zadacha-s-sobesedovaniya-idei-proekta-vremya-velikih-uchenyh-2020-01-15,,,,,–≥–æ–ª–æ–≤–æ–ª–æ–º–∫–∞,2020-01-15,1718.0,–ì–æ–ª–æ–≤–æ–ª–æ–º–∫–∞,,5.0,
–ü—Ä–æ–≥—É–ª–∏–≤–∞—é—â–∏–µ—Å—è –¥–∂–µ–Ω—Ç–ª—å–º–µ–Ω—ã,https://proglib.io/p/zadacha-o-progulivayushchihsya-dzhentlmenah-2020-01-18,,,,,–≥–æ–ª–æ–≤–æ–ª–æ–º–∫–∞,2020-01-18,1849.0,–ì–æ–ª–æ–≤–æ–ª–æ–º–∫–∞,,5.0,
–ß–∞—Å—ã —Å –æ–¥–∏–Ω–∞–∫–æ–≤—ã–º–∏ —Å—Ç—Ä–µ–ª–∫–∞–º–∏,https://proglib.io/p/zadacha-o-chasah-s-odinakovymi-strelkami-2020-01-22,,,,,–≥–æ–ª–æ–≤–æ–ª–æ–º–∫–∞,2020-01-22,3204.0,–ì–æ–ª–æ–≤–æ–ª–æ–º–∫–∞,,5.0,
–í–∏—Ä—É—Å –≤ –∫–æ–ª–æ–Ω–∏–∏ –±–∞–∫—Ç–µ—Ä–∏–π,https://proglib.io/p/zadacha-o-viruse-v-kolonii-bakteriy-2020-01-25,,,,,–≥–æ–ª–æ–≤–æ–ª–æ–º–∫–∞,2020-01-25,2440.0,–ì–æ–ª–æ–≤–æ–ª–æ–º–∫–∞,,5.0,
–®–µ—Å—Ç—å —à–∞—Ö–º–∞—Ç–Ω—ã—Ö –∫–æ–Ω–µ–π,https://proglib.io/p/zadacha-o-shesti-shahmatnyh-konyah-2020-01-29,,,,,–≥–æ–ª–æ–≤–æ–ª–æ–º–∫–∞,2020-01-29,2180.0,–ì–æ–ª–æ–≤–æ–ª–æ–º–∫–∞,,5.0,
–ó–∞–¥–∞—á–∞ –æ –±–µ–≥–ª–µ—Ü,https://proglib.io/p/zadacha-o-beglece-2020-02-01,,,,,–≥–æ–ª–æ–≤–æ–ª–æ–º–∫–∞,2020-02-01,1299.0,–ì–æ–ª–æ–≤–æ–ª–æ–º–∫–∞,,5.0,
–ß–µ—à–∏—Ä—Å–∫–∏–π –∫–æ—Ç –∏ —á–∏—Å–ª–æ –ø–∞–ª–∏–Ω–¥—Ä–æ–º–æ–≤,https://proglib.io/p/zagadka-cheshirskogo-kota-o-chisle-palindromov-2020-02-05,,,,,–≥–æ–ª–æ–≤–æ–ª–æ–º–∫–∞,2020-02-05,1597.0,–ì–æ–ª–æ–≤–æ–ª–æ–º–∫–∞,,5.0,
–ö–∞—Ä—Ç–æ—á–Ω–∞—è –≥–æ–ª–æ–≤–æ–ª–æ–º–∫–∞ –ö–æ–Ω–≤–µ—è,https://proglib.io/p/risuem-programmiruya-mashinnaya-generaciya-hudozhestvennyh-uzorov-v-vektornyh-polyah-2020-02-06,üñºÔ∏è,https://tylerxhobbs.com/essays/2020/flow-fields,,,–≥–æ–ª–æ–≤–æ–ª–æ–º–∫–∞,2020-02-06,3089.0,–ì–æ–ª–æ–≤–æ–ª–æ–º–∫–∞,,5.0,
–ó–∞–¥–∞—á–∞ –æ –Ω–µ–æ–±—ã—á–Ω–æ–º –∑–∞–º–∫–µ,https://proglib.io/p/zadacha-o-vzlome-bankovskogo-zamka-s-semyu-rychazhkami-2020-02-12,,,,,–≥–æ–ª–æ–≤–æ–ª–æ–º–∫–∞,2020-02-12,11856.0,–ì–æ–ª–æ–≤–æ–ª–æ–º–∫–∞,,5.0,
–ê–ª–≥–æ—Ä–∏—Ç–º–∏—á–µ—Å–∫–∞—è –≥–æ–ª–æ–≤–æ–ª–æ–º–∫–∞ –æ –ª—è–≥—É—à–∫–∞—Ö,https://proglib.io/p/pryg-pryg-algoritmicheskaya-golovolomka-o-lyagushkah-2020-02-15,,,,,–≥–æ–ª–æ–≤–æ–ª–æ–º–∫–∞,2020-02-15,2582.0,–ì–æ–ª–æ–≤–æ–ª–æ–º–∫–∞,,5.0,
–ó–∞–¥–∞—á–∞ –°—Ñ–∏–Ω–∫—Å–∞ –æ —Ä–∞–∑—Ä–µ–∑–∞–Ω–∏–∏ –ª–µ—Å—Ç–Ω–∏—Ü,https://proglib.io/p/obygray-sfinksa-logicheskaya-golovolomka-o-razrezanii-lestnic-2020-02-19,,,,,–≥–æ–ª–æ–≤–æ–ª–æ–º–∫–∞,2020-02-19,2163.0,–ì–æ–ª–æ–≤–æ–ª–æ–º–∫–∞,,5.0,
–°–æ–±–µ—Å–µ–¥–æ–≤–∞–Ω–∏–µ –∏ —Å–µ–º—å –≥–Ω–æ–º–æ–≤: –∑–∞–¥–∞—á–∏ —Å –∏–Ω—Ç–µ—Ä–≤—å—é –≤ IT-–∫–æ–º–ø–∞–Ω–∏—è—Ö,https://proglib.io/p/sobesedovanie-i-sem-gnomov-zadachi-s-intervyu-v-it-kompaniyah-2020-02-22,,,,,–≥–æ–ª–æ–≤–æ–ª–æ–º–∫–∞,2020-02-22,6576.0,–ì–æ–ª–æ–≤–æ–ª–æ–º–∫–∞,—Ç—Ä—É–¥–æ—É—Å—Ç—Ä–æ–π—Å—Ç–≤–æ,3.0,
50 —Ä—É—Å—Å–∫–æ—è–∑—ã—á–Ω—ã—Ö YouTube-–∫–∞–Ω–∞–ª–æ–≤ –æ —è–∑—ã–∫–∞—Ö –ø—Ä–æ–≥—Ä–∞–º–º–∏—Ä–æ–≤–∞–Ω–∏—è,https://proglib.io/p/50-russkoyazychnyh-youtube-kanalov-o-yazykah-programmirovaniya-2020-04-22,‚ñ∂Ô∏èüåü,,,,–ø–æ–¥–±–æ—Ä–∫–∞,2020-04-22,21727.0,–û–±—â–µ–µ,"YouTube, –≤–∏–¥–µ–æ",4.0,
–ë–µ—Å–ø–ª–∞—Ç–Ω—ã–µ —Ä—É—Å—Å–∫–æ—è–∑—ã—á–Ω—ã–µ –æ–Ω–ª–∞–π–Ω-–∫—É—Ä—Å—ã –ø–æ IT-—Å–ø–µ—Ü–∏–∞–ª—å–Ω–æ—Å—Ç—è–º,https://proglib.io/p/superpodborka-bolee-70-besplatnyh-russkoyazychnyh-onlayn-kursov-po-it-specialnostyam-2020-03-25,üë®‚ÄçüéìÔ∏èüåü,,,,–ø–æ–¥–±–æ—Ä–∫–∞,2020-03-25,71907.0,–û–±—â–µ–µ,–∫—É—Ä—Å—ã,5.0,
"–ö–∞–∫ –Ω–∞–ø–∏—Å–∞—Ç—å –∫–æ–¥, –∫–æ—Ç–æ—Ä—ã–π –ø–æ–ª—é–±—è—Ç –≤—Å–µ",https://proglib.io/p/kak-napisat-kod-kotoryy-polyubyat-vse-2020-03-17,üèóÔ∏èüåü,,,,—Å—Ç–∞—Ç—å—è,2020-03-17,47980.0,–ü—Ä–æ–µ–∫—Ç–∏—Ä–æ–≤–∞–Ω–∏–µ,,5.0,
"–ö–∞–∫ –Ω–µ ¬´—Å–≥–æ—Ä–µ—Ç—å –Ω–∞ —Ä–∞–±–æ—Ç–µ¬ª, –µ—Å–ª–∏ —Ç—ã –ø—Ä–æ–≥—Ä–∞–º–º–∏—Å—Ç",https://proglib.io/p/kak-ne-sgoret-na-rabote-esli-ty-programmist-2020-03-12,üèä,,,,—Å—Ç–∞—Ç—å—è,2020-03-12,9810.0,–ö—É—Ä—å–µ—Ä–∞,"—Ä–∞–±–æ—Ç–∞, –≤—ã–≥–æ—Ä–∞–Ω–∏–µ",4.0,
PICO-8 –∏ TIC-80. –≠–∫—Å–∫—É—Ä—Å–∏—è –≤ –º–∏—Ä –≤–∏—Ä—Ç—É–∞–ª—å–Ω—ã—Ö –∫–æ–Ω—Å–æ–ª–µ–π –¥–ª—è —Å–æ–∑–¥–∞–Ω–∏—è —Ä–µ—Ç—Ä–æ-–∏–≥—Ä,https://proglib.io/p/pico-8-i-tic-80-ekskursiya-v-mir-virtualnyh-konsoley-dlya-sozdaniya-retro-igr-2020-02-29,üïπÔ∏èüëæ,,,,—Å—Ç–∞—Ç—å—è,2020-02-29,2259.0,GameDev,,4.0,
–ö–∞–∫ —à–∏—Ñ—Ä–æ–≤–∞—Ç—å –∏–Ω—Ñ–æ—Ä–º–∞—Ü–∏—é —Å –ø–æ–º–æ—â—å—é —Ä–æ—Å—Ç–∞ –∫—Ä–∏—Å—Ç–∞–ª–ª–æ–≤,https://proglib.io/p/kak-shifrovat-informaciyu-s-pomoshchyu-rosta-kristallov-2020-02-24,üíé,https://www.cell.com/matter/fulltext/S2590-2385(20)30024-2,,,–ø–µ—Ä–µ–≤–æ–¥,2020-02-24,9113.0,–ê–ª–≥–æ—Ä–∏—Ç–º—ã,,4.0,
"100+ –ª–µ–∫—Ü–∏–π —ç–∫—Å–ø–µ—Ä—Ç–æ–≤ –ü–æ—Å—Ç–Ω–∞—É–∫–∏ –æ–± –∞–Ω–∞–ª–∏–∑–µ –¥–∞–Ω–Ω—ã—Ö, –ò–ò, —Ä–æ–±–æ—Ç–∞—Ö, –º–∞—Ç–µ–º–∞—Ç–∏–∫–µ –∏ —Å–µ—Ç—è—Ö",https://proglib.io/p/100-videolekciy-ekspertov-postnauki-2020-02-16,‚ñ∂Ô∏è,,,,–ø–æ–¥–±–æ—Ä–∫–∞,2020-02-16,5380.0,Data Science,–≤–∏–¥–µ–æ,3.0,
–ü–µ—Ä–µ–∑–∞—Ä—è–∂–∞–µ–º —Ç–µ—Ä–º–∏–Ω–∞–ª: GitHub CLI –≤ –¥–µ–π—Å—Ç–≤–∏–∏,https://proglib.io/p/perezaryazhaem-terminal-github-cli-v-deystvii-2020-02-14,üêà,,,,–ø–µ—Ä–µ–≤–æ–¥,2020-02-14,3668.0,–ö–æ–Ω—Ç—Ä–æ–ª—å –≤–µ—Ä—Å–∏–π,GitHub,5.0,
–ê–≤—Ç–æ—Å—Ç–æ–ø–æ–º –ø–æ TED: 42 —è—Ä–∫–∏—Ö –≤—ã—Å—Ç—É–ø–ª–µ–Ω–∏—è –Ω–∞ —Ç–µ–º—ã –≤–±–ª–∏–∑–∏ IT,https://proglib.io/p/avtostopom-po-ted-42-yarkih-vystupleniya-na-temy-vblizi-it-2020-02-11,‚ñ∂Ô∏è,,,,–ø–æ–¥–±–æ—Ä–∫–∞,2020-02-11,4319.0,–û–±—â–µ–µ,,5.0,
"–†–∏—Å—É–µ–º, –ø—Ä–æ–≥—Ä–∞–º–º–∏—Ä—É—è. –ú–∞—à–∏–Ω–Ω–∞—è –≥–µ–Ω–µ—Ä–∞—Ü–∏—è —Ö—É–¥–æ–∂–µ—Å—Ç–≤–µ–Ω–Ω—ã—Ö —É–∑–æ—Ä–æ–≤ –≤ –≤–µ–∫—Ç–æ—Ä–Ω—ã—Ö –ø–æ–ª—è—Ö",https://proglib.io/p/risuem-programmiruya-mashinnaya-generaciya-hudozhestvennyh-uzorov-v-vektornyh-polyah-2020-02-06,üñºÔ∏è,https://tylerxhobbs.com/essays/2020/flow-fields,,,–ø–µ—Ä–µ–≤–æ–¥,2020-02-06,3089.0,–î–∏–∑–∞–π–Ω,,5.0,
¬´–Ø —Ç–µ–±—è –ø–æ IP –≤—ã—á–∏—Å–ª—é¬ª: –∫–∞–∫ —Ö–∞–∫–µ—Ä—ã —Ä–∞—Å—Å–µ–∫—Ä–µ—á–∏–≤–∞—é—Ç –∑–≤–µ–Ω—å—è —Ü–µ–ø–∏ Tor,https://proglib.io/p/deanonimizaciya-cepochek-uzlov-tor-2020-02-04,,https://www.hackerfactor.com/blog/index.php?/archives/868-Deanonymizing-Tor-Circuits.html,,,–ø–µ—Ä–µ–≤–æ–¥,2020-02-14,25521.0,–û–±—â–µ–µ,,3.0,
"–ì—Ä–∞—Ñ–∏—á–µ—Å–∫–∏–π –ø—Ä–∏—ë–º, –±–ª–∞–≥–æ–¥–∞—Ä—è –∫–æ—Ç–æ—Ä–æ–º—É –ø–æ–ª—å–∑–æ–≤–∞—Ç–µ–ª–∏ –±—É–¥—É—Ç —Ä–µ–≥–∏—Å—Ç—Ä–∏—Ä–æ–≤–∞—Ç—å—Å—è —á–∞—â–µ",https://proglib.io/p/graficheskiy-priem-blagodarya-kotoromu-polzovateli-budut-registrirovatsya-chashche-2020-01-20,üñºÔ∏è,https://uxmovement.com/forms/improve-your-sign-up-form-with-off-white-text-fields/,,,–ø–µ—Ä–µ–≤–æ–¥,2020-01-20,5955.0,–î–∏–∑–∞–π–Ω,,3.0,
–•–∞–∫–∏–Ω–≥ –º–æ–∑–≥–∞. –û–±—Ä–∞–±–æ—Ç–∫–∞ —Å–∏–≥–Ω–∞–ª–æ–≤ –º—ã—Å–ª–∏—Ç–µ–ª—å–Ω–æ–π –∞–∫—Ç–∏–≤–Ω–æ—Å—Ç–∏ —Å –∏–Ω—Ç–µ—Ä—Ñ–µ–π—Å–æ–º OpenBCI,https://proglib.io/p/haking-mozga-obrabotka-signalov-myslitelnoy-aktivnosti-s-interfeysom-openbci-2020-01-20,,,,,–ø–µ—Ä–µ–≤–æ–¥,2020-01-20,2098.0,–•–∞–∫–∏–Ω–≥ –º–æ–∑–≥–∞,–≠–≠–ì,3.0,
–§—É–Ω–∫—Ü–∏–æ–Ω–∞–ª—å–Ω—ã–π JavaScript: 6 –æ–±—Ä–∞–∑—Ü–æ–≤ –∫–æ–¥–∞ –±–µ–∑ —Ü–∏–∫–ª–∞ for,https://proglib.io/p/funkcionalnyy-javascript-6-obrazcov-koda-bez-cikla-for-2020-01-13,,https://medium.com/better-programming/you-dont-need-loops-in-javascript-1dc8139eab4b,,,–ø–µ—Ä–µ–≤–æ–¥,2020-01-13,5781.0,JavaScript,,3.0,
6 –∏–¥–µ–π –ø—Ä–æ–µ–∫—Ç–æ–≤ –≤—ã—Ö–æ–¥–Ω–æ–≥–æ –¥–Ω—è,https://proglib.io/p/6-idey-proektov-vyhodnogo-dnya-2020-01-11,üåü,http://web.eecs.utk.edu/~azh/blog/challengingprojects.html,,,–ø–µ—Ä–µ–≤–æ–¥,2020-01-11,4735.0,–ü—Ä–æ–µ–∫—Ç –≤—ã—Ö–æ–¥–Ω–æ–≥–æ –¥–Ω—è,,5.0,
GitLab –∏–ª–∏ GitHub? –ö–∞–∫ –≤—ã–±—Ä–∞—Ç—å —Ä–µ—Å—É—Ä—Å –ø–æ–¥ –æ–ø—Ä–µ–¥–µ–ª—ë–Ω–Ω—ã–π —Ç–∏–ø —Ä–µ–ø–æ–∑–∏—Ç–æ—Ä–∏—è,https://proglib.io/p/gitlab-ili-github-kak-vybrat-resurs-pod-opredelennyy-tip-repozitoriya-2020-01-06,ü¶äüòº,,,,–ø–µ—Ä–µ–≤–æ–¥,2020-01-06,6034.0,–ö–æ–Ω—Ç—Ä–æ–ª—å –≤–µ—Ä—Å–∏–π,"GitHub, GitLab",3.0,
20 —Ç–µ–Ω–¥–µ–Ω—Ü–∏–π –≤ —Ä–∞–∑—Ä–∞–±–æ—Ç–∫–µ –ø—Ä–æ–≥—Ä–∞–º–º–Ω–æ–≥–æ –æ–±–µ—Å–ø–µ—á–µ–Ω–∏—è –Ω–∞ 2020 –≥–æ–¥,https://proglib.io/p/20-tendenciy-v-razrabotke-programmnogo-obespecheniya-na-2020-god-2019-12-20,üìà,https://towardsdatascience.com/20-predictions-about-software-development-trends-in-2020-afb8b110d9a0,,,–ø–µ—Ä–µ–≤–æ–¥,2019-12-20,6140.0,–¢–µ–Ω–¥–µ–Ω—Ü–∏–∏,,2.0,
–ë–µ–∑–æ–ø–∞—Å–Ω–æ—Å—Ç—å –ø—Ä–µ–∂–¥–µ –≤—Å–µ–≥–æ: –∫–∞–∫ –∑–∞—â–∏—Ç–∏—Ç—å Linux –Ω–∞ —Å–µ—Ä–≤–µ—Ä–µ VPS,https://proglib.io/p/bezopasnost-prezhde-vsego-kak-zashchitit-linux-na-servere-vps-2019-12-04,üìù,,,,–ø–µ—Ä–µ–≤–æ–¥,2019-12-04,3849.0,Linux,,2.0,
–í–µ–±—Ö—É–∫–∏: –∫–∞–∫ –ø–æ–ª—É—á–∞—Ç—å –¥–∞–Ω–Ω—ã–µ –±–µ–∑ –ø—Ä–æ–º–µ–¥–ª–µ–Ω–∏—è –∏ –æ–ø—Ä–æ—Å–æ–≤ API,https://proglib.io/p/vebhuki-kak-poluchat-dannye-bez-promedleniya-i-oprosov-api-2019-11-09,,,,,–ø–µ—Ä–µ–≤–æ–¥,2019-12-09,15073.0,Web,,2.0,
–ü–∏—à–µ–º –ø—Ä–æ—Å—Ç–æ–π –≥—Ä–∞–±–±–µ—Ä –¥–ª—è Telegram —á–∞—Ç–æ–≤ –Ω–∞ Python,https://proglib.io/p/pishem-prostoy-grabber-dlya-telegram-chatov-na-python-2019-11-06,,,,,—Å—Ç–∞—Ç—å—è,2019-11-06,22286.0,Telegram,,2.0,
–ß–∏—Ç–∞–µ–º—ã–π –∫–æ–¥: 10 –ø—Ä–∞–∫—Ç–∏–∫ —É—Å–ø–µ—à–Ω–æ–≥–æ –Ω–∞–ø–∏—Å–∞–Ω–∏—è,https://proglib.io/p/clean-code,üèóÔ∏è,,,,–ø–µ—Ä–µ–≤–æ–¥,2019-07-10,37306.0,–ü—Ä–æ–µ–∫—Ç–∏—Ä–æ–≤–∞–Ω–∏–µ,,2.0,
–î–∞–π–¥–∂–µ—Å—Ç: 300 —Å—Å—ã–ª–æ–∫ –Ω–∞ –æ–±—É—á–∞—é—â–∏–µ —Ä–µ—Å—É—Ä—Å—ã –ø–æ –ø—Ä–æ–≥—Ä–∞–º–º–∏—Ä–æ–≤–∞–Ω–∏—é,https://proglib.io/p/300-programming-urls,üîó,,,,–ø–æ–¥–±–æ—Ä–∫–∞,2018-11-25,23156.0,"–í–∏–¥–µ–æ, –∫—É—Ä—Å—ã, —Å—Å—ã–ª–∫–∏",,2.0,
"–ö–∞—Ä—å–µ—Ä–Ω—ã–π —Ä–æ—Å—Ç: –≤ —á–µ–º —Ä–∞–∑–Ω–∏—Ü–∞ –º–µ–∂–¥—É Junior, Middle –∏ Senior?",https://proglib.io/p/junior-middle-senior,,,,,–ø–µ—Ä–µ–≤–æ–¥,2018-09-23,58422.0,–ö–∞—Ä—å–µ—Ä–∞,,2.0,
"12 –ø—Ä–æ—Å—Ç—ã—Ö —Å–æ–≤–µ—Ç–æ–≤ —Ç–µ–º, –∫—Ç–æ —Å–∞–º–æ—Å—Ç–æ—è—Ç–µ–ª—å–Ω–æ —É—á–∏—Ç –º–∞—Ç–µ–º–∞—Ç–∏–∫—É",https://proglib.io/p/learn-math,üë®‚ÄçüéìÔ∏èüåü,,,,—Å—Ç–∞—Ç—å—è,2018-09-15,59748.0,–ú–∞—Ç–µ–º–∞—Ç–∏–∫–∞,,5.0,
"9 –≥–∏—Ñ–æ–∫, –Ω–∞–≥–ª—è–¥–Ω–æ –∏–ª–ª—é—Å—Ç—Ä–∏—Ä—É—é—â–∏—Ö –¥–∏—Ñ—Ñ–µ—Ä–µ–Ω—Ü–∏—Ä—É–µ–º–æ—Å—Ç—å —Ñ—É–Ω–∫—Ü–∏–∏",https://proglib.io/p/diff,,,,,—Å—Ç–∞—Ç—å—è,2018-09-09,25579.0,–ú–∞—Ç–µ–º–∞—Ç–∏–∫–∞,,3.0,
–î–µ—Ç–∞–ª—å–Ω—ã–π –ø–ª–∞–Ω —Å–∞–º–æ–æ–±—Ä–∞–∑–æ–≤–∞–Ω–∏—è –≤ Computer Science –∑–∞ –ø–æ–ª—Ç–æ—Ä–∞ –≥–æ–¥–∞,https://proglib.io/p/cs-learning,üë®‚ÄçüéìÔ∏èüåü,,,,–ø–æ–¥–±–æ—Ä–∫–∞,2018-05-03,178041.0,"–í–∏–¥–µ–æ, –∫—É—Ä—Å—ã, —Å—Å—ã–ª–∫–∏",,5.0,
–û—Ç –Ω–æ–≤–∏—á–∫–∞ –¥–æ –ø—Ä–æ—Ñ–∏ –≤ –±–ª–æ–∫—á–µ–π–Ω-—Ç–µ—Ö–Ω–æ–ª–æ–≥–∏—è—Ö –∑–∞ 2 –º–µ—Å—è—Ü–∞,https://proglib.io/p/blockchain-plan,,,,,–ø–µ—Ä–µ–≤–æ–¥,2018-04-08,21384.0,–ë–ª–æ–∫—á–µ–π–Ω,,3.0,
–ë–æ–ª–µ–µ 200 –∏–∑–±—Ä–∞–Ω–Ω—ã—Ö —Å—Å—ã–ª–æ–∫ –Ω–∞ –º–∞—Ç–µ—Ä–∏–∞–ª—ã –æ —è–∑—ã–∫–µ Go,https://proglib.io/p/golinks,üîó,https://github.com/enocom/gopher-reading-list,,,–ø–æ–¥–±–æ—Ä–∫–∞,2018-03-17,23250.0,Go,,4.0,
–ö–∞–∫ –ø–æ–ª—É—á–∏—Ç—å –æ–ø—ã—Ç –∏ –∑–∞—Ä–∞–±–∞—Ç—ã–≤–∞—Ç—å –Ω–∞ Open Source –ø—Ä–æ–µ–∫—Ç–∞—Ö,https://proglib.io/p/open-source,ü§î,,,,–ø–µ—Ä–µ–≤–æ–¥,2018-03-16,34096.0,Open source,,4.0,
–ò–ª–ª—é—Å—Ç—Ä–∞—Ç–∏–≤–Ω—ã–π –≤–∏–¥–µ–æ–∫—É—Ä—Å –º–∞—Ç–µ–º–∞—Ç–∏—á–µ—Å–∫–æ–≥–æ –∞–Ω–∞–ª–∏–∑–∞: 10 —É—Ä–æ–∫–æ–≤,https://proglib.io/p/calculus,‚ñ∂Ô∏è,,,,–ø–æ–¥–±–æ—Ä–∫–∞,2018-02-25,50523.0,–ú–∞—Ç–µ–º–∞—Ç–∏–∫–∞,,4.0,
–ò–ª–ª—é—Å—Ç—Ä–∞—Ç–∏–≤–Ω—ã–π –≤–∏–¥–µ–æ–∫—É—Ä—Å –ø–æ –ª–∏–Ω–µ–π–Ω–æ–π –∞–ª–≥–µ–±—Ä–µ: 11 —É—Ä–æ–∫–æ–≤,https://proglib.io/p/algebra,‚ñ∂Ô∏è,,,,–ø–æ–¥–±–æ—Ä–∫–∞,2018-02-09,50397.0,–ú–∞—Ç–µ–º–∞—Ç–∏–∫–∞,,4.0,
–ö–∞–∫ –ø—Ä–∞–≤–∏–ª—å–Ω–æ –∏—Å–∫–∞—Ç—å –∏ —á–∏—Ç–∞—Ç—å –Ω–∞—É—á–Ω—ã–µ —Å—Ç–∞—Ç—å–∏?,https://proglib.io/p/research-papers,,https://www.youtube.com/watch?v=SHTOI0KtZnU,,,—Å—Ç–∞—Ç—å—è,2018-02-01,15005.0,–ù–∞—É–∫–∞,,4.0,
–°–æ–∑–¥–∞–µ–º –ø–µ—Ä–≤—ã–π —Å–º–∞—Ä—Ç-–∫–æ–Ω—Ç—Ä–∞–∫—Ç –Ω–∞ Ethereum –º–µ–Ω–µ–µ —á–µ–º –∑–∞ 60 –º–∏–Ω—É—Ç,https://proglib.io/p/smart-contract,,https://medium.com/crypto-currently/build-your-first-smart-contract-fc36a8ff50ca,,,–ø–µ—Ä–µ–≤–æ–¥,2018-01-29,35587.0,–ë–ª–æ–∫—á–µ–π–Ω,,3.0,
–ò–º–ø—É–ª—å—Å–Ω—ã–µ –Ω–µ–π—Ä–æ–Ω–Ω—ã–µ —Å–µ—Ç–∏: –º–æ–∑–≥ –≤ –∫–æ–º–ø—å—é—Ç–µ—Ä–µ,https://proglib.io/p/spiking-neural-networks,,https://towardsdatascience.com/spiking-neural-networks-the-next-generation-of-machine-learning-84e167f4eb2b,,,–ø–µ—Ä–µ–≤–æ–¥,2018-01-22,15261.0,Data Science,,2.0,
–ö–∞–∫ –ø–æ–º–æ—á—å —Ä–µ–±–µ–Ω–∫—É –≤—ã—É—á–∏—Ç—å —Ç–∞–±–ª–∏—Ü—É —É–º–Ω–æ–∂–µ–Ω–∏—è,https://habr.com/ru/post/126043,üßí,,,,—Å—Ç–∞—Ç—å—è,2011-08-11,1100.0,–ú–∞—Ç–µ–º–∞—Ç–∏–∫–∞,,5.0,
–í–≤–µ–¥–µ–Ω–∏–µ –≤ –æ–±—ä–µ–∫—Ç–Ω–æ-–æ—Ä–∏–µ–Ω—Ç–∏—Ä–æ–≤–∞–Ω–Ω–æ–µ –ø—Ä–æ–≥—Ä–∞–º–º–∏—Ä–æ–≤–∞–Ω–∏–µ (–û–û–ü) –Ω–∞ Python,https://proglib.io/p/vvedenie-v-obektno-orientirovannoe-programmirovanie-oop-na-python-2020-07-23,ü§π,https://realpython.com/python3-object-oriented-programming/,https://github.com/matyushkin/lessons/blob/master/oop/oop.ipynb,https://colab.research.google.com/github/matyushkin/lessons/blob/master/oop/oop.ipynb,–ø–µ—Ä–µ–≤–æ–¥,2020-07-23,5536.0,Python,,,
–¢–µ—Å—Ç –Ω–∞ –∑–Ω–∞–Ω–∏–µ —è–∑—ã–∫–∞ Python (15 –≤–æ–ø—Ä–æ—Å–æ–≤),https://proglib.io/tests/test-na-znanie-yazyka-python,üôã,,,,—Ç–µ—Å—Ç,2020-07-13,8415.0,Python,,,
–†–æ–±–æ—Ç –≤ –ª–∞–±–∏—Ä–∏–Ω—Ç–µ: –æ–±—Ä–∞–±–∞—Ç—ã–≤–∞–µ–º –≤ Python –æ—á–µ—Ä–µ–¥–∏ —Å –ø—Ä–∏–æ—Ä–∏—Ç–µ—Ç–æ–º,https://proglib.io/p/robot-v-labirinte-obrabatyvaem-ocheredi-s-prioritetom-v-python-2020-07-07,üåü,https://realpython.com/python-heapq-module/,https://github.com/matyushkin/lessons/blob/master/heaps/heaps.ipynb,https://colab.research.google.com/github/matyushkin/lessons/blob/master/heaps/heaps.ipynb,–ø–µ—Ä–µ–≤–æ–¥,2020-07-07,9062.0,Python,,,
–ù–æ–≤—ã–µ –≤–æ–∑–º–æ–∂–Ω–æ—Å—Ç–∏ Python 3.9: –º–Ω–µ–Ω–∏—è —ç–∫—Å–ø–µ—Ä—Ç–æ–≤,https://proglib.io/p/novye-vozmozhnosti-python-3-9-mneniya-ekspertov-2020-06-12,üóûÔ∏è,,,,—Å—Ç–∞—Ç—å—è,2020-06-12,6704.0,Python,,,
–î–∏–Ω–∞–º–∏—á–µ—Å–∫–æ–µ –≤—ã–ø–æ–ª–Ω–µ–Ω–∏–µ –≤—ã—Ä–∞–∂–µ–Ω–∏–π –≤ Python: eval(),https://proglib.io/p/dinamicheskoe-vypolnenie-vyrazheniy-v-python-funkciya-eval-2020-05-14,üåü,https://realpython.com/python-eval-function/,,https://colab.research.google.com/github/matyushkin/lessons/blob/master/eval_func/eval_func.ipynb,–ø–µ—Ä–µ–≤–æ–¥,2020-05-14,12432.0,Python,,,
"–í—Å—ë, —á—Ç–æ –Ω—É–∂–Ω–æ –∑–Ω–∞—Ç—å –æ –¥–µ–∫–æ—Ä–∞—Ç–æ—Ä–∞—Ö Python",https://proglib.io/p/vse-chto-nuzhno-znat-o-dekoratorah-python-2020-05-09,üåü,https://realpython.com/primer-on-python-decorators/,,https://colab.research.google.com/github/matyushkin/lessons/blob/master/decorators/decorators.ipynb,–ø–µ—Ä–µ–≤–æ–¥,2020-05-09,19762.0,Python,,,
–ö–∞–∫ —Ö—Ä–∞–Ω–∏—Ç—å –æ–±—ä–µ–∫—Ç—ã Python —Å–æ —Å–ª–æ–∂–Ω–æ–π —Å—Ç—Ä—É–∫—Ç—É—Ä–æ–π,https://proglib.io/p/kak-hranit-obekty-python-so-slozhnoy-strukturoy-moduli-pickle-i-dill-2020-04-30,üåü,https://realpython.com/python-pickle-module/,,,–ø–µ—Ä–µ–≤–æ–¥,2020-04-30,10396.0,Python,,,
–¢–û–ü-15 –∫–Ω–∏–≥ Python: –æ—Ç –Ω–æ–≤–∏—á–∫–∞ –¥–æ –ø—Ä–æ—Ñ–µ—Å—Å–∏–æ–Ω–∞–ª–∞,https://proglib.io/p/top-15-knig-po-python-ot-novichka-do-professionala-2020-04-07,üìï,,,,—Å—Ç–∞—Ç—å—è,2020-04-07,27909.0,Python,–∫–Ω–∏–≥–∏,,
TOP-10 open source –ø—Ä–æ–µ–∫—Ç–æ–≤ –Ω–∞ Python –≤ —Å–µ–Ω—Ç—è–±—Ä–µ 2018,https://proglib.io/p/python-opensources,üîó,https://medium.mybridge.co/python-open-source-of-the-month-v-aug-2018-9433979f586d,,,–ø–µ—Ä–µ–≤–æ–¥,2018-09-11,18394.0,Python,,,
"Python(x, y)",https://habr.com/ru/post/113065,üë®‚Äçüî¨Ô∏è,,,,—Å—Ç–∞—Ç—å—è,2011-02-04,48400.0,Python,,,
–¢–µ—Å—Ç. –ü—Ä–∞–≤–¥–∞ –∏–ª–∏ –ª–æ–∂—å: —á—Ç–æ —É–º–µ—é—Ç –Ω–µ–π—Ä–æ—Å–µ—Ç–∏?,https://proglib.io/tests/pravda-ili-lozh-chto-umeyut-neyroseti,üôã,,,,—Ç–µ—Å—Ç,2020-01-26,21718.0,Data Science,,,
TensorFlow.js: –º–∞—à–∏–Ω–Ω–æ–µ –æ–±—É—á–µ–Ω–∏–µ –Ω–∞ JavaScript —Å –¥–æ—Å—Ç–∞–≤–∫–æ–π –≤ –±—Ä–∞—É–∑–µ—Ä,https://proglib.io/p/tensorflow-js,,,,,—Å—Ç–∞—Ç—å—è,2018-05-11,14933.0,Data Science,,,
–ü–æ–ø—É–ª—è—Ü–∏–æ–Ω–Ω–æ–µ –æ–±—É—á–µ–Ω–∏–µ –Ω–µ–π—Ä–æ—Å–µ—Ç–µ–π,https://proglib.io/p/population-deep-learning,üóûÔ∏è,https://deepmind.com/blog/population-based-training-neural-networks/,,,–ø–µ—Ä–µ–≤–æ–¥,2018-04-14,7235.0,Data Science,,,
–ö–∞–∫ –∫–æ–º–ø–∞–Ω–∏–∏ –ø—Ä–µ–≤—Ä–∞—â–∞—é—Ç –¥–∞–Ω–Ω—ã–µ –≤ –¥–µ–Ω—å–≥–∏: –æ–±–∑–æ—Ä —Ä–æ—Å—Å–∏–π—Å–∫–∏—Ö –ø—Ä–∞–∫—Ç–∏–∫ Data Science,https://proglib.io/p/kak-kompanii-prevrashchayut-dannye-v-dengi-obzor-rossiyskih-praktik-data-science-2020-07-18,üè¢,,,,—Å—Ç–∞—Ç—å—è,2020-07-18,4754.0,Data Science,,,
–ö–∞–∫ –Ω–∞—É—á–∏—Ç—å—Å—è Data Science –æ–Ω–ª–∞–π–Ω,https://proglib.io/p/kak-nauchitsya-data-science-onlayn-12-shagov-ot-novichka-do-profi-2020-06-30,üë®‚ÄçüéìÔ∏è,,,,—Å—Ç–∞—Ç—å—è,2020-06-30,7741.0,Data Science,,5.0,
30 YouTube-–∫–∞–Ω–∞–ª–æ–≤ –∏ –ø–ª–µ–π–ª–∏—Å—Ç–æ–≤ –æ Data Science,https://proglib.io/p/30-youtube-kanalov-i-pleylistov-o-data-science-2020-06-17,‚ñ∂Ô∏è,,,,–ø–æ–¥–±–æ—Ä–∫–∞,2020-06-17,11456.0,Data Science,YouTube,4.0,
6 –∫—Ä—É–ø–Ω—ã—Ö open source –ø—Ä–æ–µ–∫—Ç–æ–≤ –≤ —Å—Ñ–µ—Ä–µ Data Science,https://proglib.io/p/6-krupnyh-open-source-proektov-v-sfere-data-science-2019-11-20,üîó,https://www.analyticsvidhya.com/blog/2019/11/6-open-source-data-science-projects/,,,–ø–µ—Ä–µ–≤–æ–¥,2019-11-20,5103.0,Data Science,,1.0,
10 —Å—Ç—Ä–æ–∫ –¥–ª—è –¥–∏–∞–≥–Ω–æ—Å—Ç–∏–∫–∏ –±–æ–ª–µ–∑–Ω–∏ –ü–∞—Ä–∫–∏–Ω—Å–æ–Ω–∞ —Å –ø–æ–º–æ—â—å—é XGBoost,https://proglib.io/p/xgboost,,https://towardsdatascience.com/detect-parkinsons-with-10-lines-of-code-intro-to-xgboost-51a4bf76b2e6,,,–ø–µ—Ä–µ–≤–æ–¥,2018-04-21,15035.0,Data Science,,1.0,
70 YouTube-–∫–∞–Ω–∞–ª–æ–≤ –∏ –ø–ª–µ–π–ª–∏—Å—Ç–æ–≤ –æ –º–æ–±–∏–ª—å–Ω–æ–π —Ä–∞–∑—Ä–∞–±–æ—Ç–∫–µ,https://proglib.io/p/70-youtube-kanalov-i-pleylistov-o-mobilnoy-razrabotke-2020-07-02,‚ñ∂Ô∏èüì±,,,,–ø–æ–¥–±–æ—Ä–∫–∞,2020-07-02,6358.0,Mobile,YouTube,4.0,
JavaScript –¥–ª—è Python-–ø—Ä–æ–≥—Ä–∞–º–º–∏—Å—Ç–æ–≤: –ø–æ–∑–Ω–∞–Ω–∏–µ —á–µ—Ä–µ–∑ —Å—Ä–∞–≤–Ω–µ–Ω–∏–µ,https://proglib.io/p/javascript-dlya-python-programmistov-poznanie-cherez-sravnenie-2020-05-29,üåü,https://realpython.com/python-vs-javascript/,,,–ø–µ—Ä–µ–≤–æ–¥,2020-05-29,18535.0,JavaScript,,4.0,
10 –∫–Ω–∏–≥ –ø–æ PHP: –æ—Ç –Ω–æ–≤–∏—á–∫–∞ –¥–æ –ø—Ä–æ—Ñ–µ—Å—Å–∏–æ–Ω–∞–ª–∞,https://proglib.io/p/top-10-knig-po-php-ot-novichka-do-professionala-2020-05-24,üìï,,,,–ø–æ–¥–±–æ—Ä–∫–∞,2020-05-24,14628.0,PHP,–∫–Ω–∏–≥–∏,4.0,
50 YouTube-–∫–∞–Ω–∞–ª–æ–≤ –¥–ª—è —Ä–∞–∑—Ä–∞–±–æ—Ç—á–∏–∫–æ–≤ –∏–≥—Ä,https://proglib.io/p/50-youtube-kanalov-dlya-razrabotchikov-igr-2020-05-13,‚ñ∂Ô∏èüåü,,,,–ø–æ–¥–±–æ—Ä–∫–∞,2020-05-13,29882.0,GameDev,YouTube,4.0,
–û –ø—Ä–∞–≤–∏–ª—å–Ω–æ–º –¥–∏–∑–∞–π–Ω–µ –ø–æ–ª–µ–π —Å –≤—ã–ø–∞–¥–∞—é—â–∏–º–∏ —Å–ø–∏—Å–∫–∞–º–∏,https://proglib.io/p/o-pravilnom-dizayne-poley-s-vypadayushchimi-spiskami-2020-05-07,üñºÔ∏è,https://uxdesign.cc/ui-cheat-sheet-dropdown-field-a30025c0f432,,,,2020-05-07,4506.0,–î–∏–∑–∞–π–Ω,–≤—ã–ø–∞–¥–∞—é—â–∏–µ —Å–ø–∏—Å–∫–∏,4.0,
25 –ª—É—á—à–∏—Ö –∫–Ω–∏–≥ –¥–ª—è –ø—Ä–æ–≥—Ä–∞–º–º–∏—Å—Ç–æ–≤,https://proglib.io/p/25-luchshih-knig-dlya-programmistov-2020-05-05,üìï,,,,–ø–æ–¥–±–æ—Ä–∫–∞,2020-05-05,29779.0,–û–±—â–µ–µ,–∫–Ω–∏–≥–∏,4.0,
70 YouTube-–∫–∞–Ω–∞–ª–æ–≤ –¥–ª—è —Ñ—Ä–æ–Ω—Ç–µ–Ω–¥-—Ä–∞–∑—Ä–∞–±–æ—Ç—á–∏–∫–∞,https://proglib.io/p/70-youtube-kanalov-dlya-frontend-razrabotchika-2020-05-03,‚ñ∂Ô∏èüåü,,,,–ø–æ–¥–±–æ—Ä–∫–∞,2020-05-03,22793.0,Frontend,YouTube,4.0,
–¢–û–ü-10 –∫–Ω–∏–≥ –ø–æ C++: –æ—Ç –Ω–æ–≤–∏—á–∫–∞ –¥–æ –ø—Ä–æ—Ñ–µ—Å—Å–∏–æ–Ω–∞–ª–∞,https://proglib.io/p/top-10-knig-po-c-ot-novichka-do-professionala-2020-03-29,üìï,,,,–ø–æ–¥–±–æ—Ä–∫–∞,2020-03-29,20125.0,C++,–∫–Ω–∏–≥–∏,,
–¢–û–ü-10 –∫–Ω–∏–≥ –ø–æ C#: –æ—Ç –Ω–æ–≤–∏—á–∫–∞ –¥–æ –ø—Ä–æ—Ñ–µ—Å—Å–∏–æ–Ω–∞–ª–∞,https://proglib.io/p/top-10-knig-po-c-ot-novichka-do-professionala-2020-03-18,üìï,,,,–ø–æ–¥–±–æ—Ä–∫–∞,2020-03-18,28620.0,C#,–∫–Ω–∏–≥–∏,,
Rough.js: –∫–∞–∫ –∑–∞—Å—Ç–∞–≤–∏—Ç—å –∫–æ–º–ø—å—é—Ç–µ—Ä —Ä–∏—Å–æ–≤–∞—Ç—å ¬´–æ—Ç —Ä—É–∫–∏¬ª,https://proglib.io/p/rough-js-kak-zastavit-kompyuter-risovat-ot-ruki-2020-01-29,üñºÔ∏èüìä,,,,—Å—Ç–∞—Ç—å—è,2020-01-29,1996.0,JavaScript,–±–∏–±–ª–∏–æ—Ç–µ–∫–∞,,
–ö–∞–∫ –Ω–∞ C++ –±—ã—Å—Ç—Ä–æ –∑–∞–ø–æ–ª–Ω–∏—Ç—å –Ω—É–ª—è–º–∏ –±–æ–ª—å—à–æ–π –º–∞—Å—Å–∏–≤?,https://proglib.io/p/kak-na-c-bystro-zapolnit-nulyami-bolshoy-massiv-2020-01-22,ü§î,https://lemire.me/blog/2020/01/20/filling-large-arrays-with-zeroes-quickly-in-c/,,,–ø–µ—Ä–µ–≤–æ–¥,2020-01-22,6614.0,C++,–ø—Ä–∏–µ–º,,
