title,url,type,date,views,main,additional,rating,comment
–ö–∞–∫ –ø–æ–¥—Ä—É–∂–∏—Ç—å Python –∏ –±–∞–∑—ã –¥–∞–Ω–Ω—ã—Ö SQL. –ü–æ–¥—Ä–æ–±–Ω–æ–µ —Ä—É–∫–æ–≤–æ–¥—Å—Ç–≤–æ,https://proglib.io/p/kak-podruzhit-python-i-bazy-dannyh-sql-podrobnoe-rukovodstvo-2020-02-27,–ø–µ—Ä–µ–≤–æ–¥,2020-02-27,,Python,,5,
Python –∏ –¥–∏–Ω–∞–º–∏—á–µ—Å–∫–æ–µ –ø—Ä–æ–≥—Ä–∞–º–º–∏—Ä–æ–≤–∞–Ω–∏–µ –Ω–∞ –ø—Ä–∏–º–µ—Ä–µ –∑–∞–¥–∞—á–∏ –æ —Ä—é–∫–∑–∞–∫–µ,https://proglib.io/p/python-i-dinamicheskoe-programmirovanie-na-primere-zadachi-o-ryukzake-2020-02-04,–ø–µ—Ä–µ–≤–æ–¥,2020-02-04,,Python,,4,
–ö–∞–∫ –æ–ø—É–±–ª–∏–∫–æ–≤–∞—Ç—å —Å–≤–æ—é Python –±–∏–±–ª–∏–æ—Ç–µ–∫—É –Ω–∞ PyPI,https://proglib.io/p/kak-opublikovat-svoyu-python-biblioteku-na-pypi-2020-01-28,–ø–µ—Ä–µ–≤–æ–¥,2020-01-28,,Python,,3,
–í–µ–±-—Å–∫—Ä–∞–ø–∏–Ω–≥ –ø–æ —Ä–∞—Å–ø–∏—Å–∞–Ω–∏—é —Å Django –∏ Heroku,https://proglib.io/p/veb-skraping-po-raspisaniyu-s-heroku-i-django-2020-01-17,–ø–µ—Ä–µ–≤–æ–¥,2020-01-17,,Python,,3,
–ò–ª–ª—é—Å—Ç—Ä–∏—Ä–æ–≤–∞–Ω–Ω–æ–µ —Ä—É–∫–æ–≤–æ–¥—Å—Ç–≤–æ –ø–æ –∏–∑–º–µ–Ω–µ–Ω–∏—é —Ñ–æ—Ä–º—ã –º–∞—Å—Å–∏–≤–æ–≤ NumPy,https://proglib.io/p/illyustrirovannoe-rukovodstvo-po-izmeneniyu-formy-mnogomernyh-massivov-numpy-2020-01-12,–ø–µ—Ä–µ–≤–æ–¥,2020-01-12,,Python,,3,
–ò—Ç–µ—Ä–∏—Ä—É–µ–º—Å—è –ø—Ä–∞–≤–∏–ª—å–Ω–æ: 20 –ø—Ä–∏–µ–º–æ–≤ –∏—Å–ø–æ–ª—å–∑–æ–≤–∞–Ω–∏—è –≤ Python –º–æ–¥—É–ª—è itertools,https://proglib.io/p/iteriruemsya-pravilno-20-priemov-ispolzovaniya-v-python-modulya-itertools-2020-01-03,—Å—Ç–∞—Ç—å—è,2020-01-03,,Python,,5,
"–ù–µ –∏–∑–æ–±—Ä–µ—Ç–∞—Ç—å –≤–µ–ª–æ—Å–∏–ø–µ–¥, –∏–ª–∏ –û–±–∑–æ—Ä –º–æ–¥—É–ª—è collections –≤ Python",https://proglib.io/p/ne-izobretat-velosiped-ili-obzor-modulya-collections-v-python-2019-12-15,—Å—Ç–∞—Ç—å—è,2019-12-15,,Python,,5,
–ù–∞–∑–∞–¥ –≤ –±—É–¥—É—â–µ–µ: –ø—Ä–∞–∫—Ç–∏—á–µ—Å–∫–æ–µ —Ä—É–∫–æ–≤–æ–¥—Å—Ç–≤–æ –ø–æ –ø—É—Ç–µ—à–µ—Å—Ç–≤–∏—é –≤–æ –≤—Ä–µ–º–µ–Ω–∏ —Å Python,https://proglib.io/p/nazad-v-budushchee-prakticheskoe-rukovodstvo-po-puteshestviyu-vo-vremeni-s-python-2019-12-01,—Å—Ç–∞—Ç—å—è,2019-12-01,,Python,,5,
–¢–µ—Å—Ç –Ω–∞ –∑–Ω–∞–Ω–∏—è –æ –Ω–µ–æ–±—ã—á–Ω–æ–º –ø–æ–≤–µ–¥–µ–Ω–∏–∏ Python,https://proglib.io/tests/test-na-obshchie-znaniya-dlya-middle-python-razrabotchika,—Ç–µ—Å—Ç,2019-11-01,,Python,,4,
10 —Å–æ–≤–µ—Ç–æ–≤ –∫–∞–∫ –Ω–∞—É—á–∏—Ç—å —Ä–µ–±–µ–Ω–∫–∞ –ø—Ä–æ–≥—Ä–∞–º–º–∏—Ä–æ–≤–∞—Ç—å –Ω–∞ Python,https://proglib.io/p/10-sovetov-o-tom-kak-nauchit-rebenka-programmirovat-na-python-2019-10-12,—Å—Ç–∞—Ç—å—è,2019-10-12,,Python,,3,
–ü–∏—à–µ–º –ø—Ä–æ–≥—Ä–∞–º–º—É –¥–ª—è –∞–≤—Ç–æ–º–∞—Ç–∏—á–µ—Å–∫–æ–≥–æ —Ä–∞—Å–ø–æ–∑–Ω–∞–≤–∞–Ω–∏—è –æ–±—ä–µ–∫—Ç–æ–≤ —Å –≤–µ–±-–∫–∞–º–µ—Ä,https://proglib.io/p/pishem-programmu-dlya-avtomaticheskogo-raspoznavaniya-obektov-s-veb-kamer-2019-10-05,–ø–µ—Ä–µ–≤–æ–¥,2019-10-05,,Python,,3,
–°–ø–∞—Å–∞—Ç–µ–ª—å–Ω—ã–π –∫—Ä—É–≥ –¥–ª—è —Å–æ–±–µ—Å–µ–¥–æ–≤–∞–Ω–∏—è –Ω–∞ Python-—Ä–∞–∑—Ä–∞–±–æ—Ç—á–∏–∫–∞,https://proglib.io/p/py-interview,–ø–µ—Ä–µ–≤–æ–¥,2019-07-25,,Python,—Å–æ–±–µ—Å–µ–¥–æ–≤–∞–Ω–∏–µ,2,
–¢—Ä–µ–±–æ–≤–∞–Ω–∏—è –∫ Python-—Ä–∞–∑—Ä–∞–±–æ—Ç—á–∏–∫—É –Ω–∞ –º–∏—Ä–æ–≤–æ–º —Ä—ã–Ω–∫–µ 2019 –≥–æ–¥–∞,https://proglib.io/p/python-dev-2019,–ø–µ—Ä–µ–≤–æ–¥,2019-04-29,,Python,,2,
–ë—ã—Å—Ç—Ä—ã–π –ø—É—Ç–µ–≤–æ–¥–∏—Ç–µ–ª—å –ø–æ Python: c–ø–∏—Å–∫–∏ –∑–∞ 7 –º–∏–Ω—É—Ç,https://proglib.io/p/python-lists,–ø–µ—Ä–µ–≤–æ–¥,2019-04-19,,Python,—Å–ø–∏—Å–∫–∏,2,
Pythran: –∫–∞–∫ –∑–∞—Å—Ç–∞–≤–∏—Ç—å —Ä–∞–±–æ—Ç–∞—Ç—å –∫–æ–¥ Python —Å–æ —Å–∫–æ—Ä–æ—Å—Ç—å—é –°++,https://proglib.io/p/pythran,–ø–µ—Ä–µ–≤–æ–¥,2019-02-12,,Python,Pythran,2,
–í–∏–¥–µ–æ 10 –ª—É—á—à–∏—Ö –¥–æ–∫–ª–∞–¥–æ–≤ –æ Python –Ω–∞ –∫–æ–Ω—Ñ–µ—Ä–µ–Ω—Ü–∏–∏ PyCon,https://proglib.io/p/top10-pycon,—Å—Ç–∞—Ç—å—è,2018-11-08,,Python,–¥–æ–∫–ª–∞–¥—ã,3,
"–¢–û–ü-15 —Ç—Ä—é–∫–æ–≤ –≤ Python 3, –¥–µ–ª–∞—é—â–∏—Ö –∫–æ–¥ –ø–æ–Ω—è—Ç–Ω–µ–µ –∏ –±—ã—Å—Ç—Ä–µ–µ",https://proglib.io/p/python-tricks,–ø–µ—Ä–µ–≤–æ–¥,2018-08-28,,Python,,3,
–¢–û–ü-10 –∞–Ω–≥–ª–æ—è–∑—ã—á–Ω—ã—Ö –ø—É–±–ª–∏–∫–∞—Ü–∏–π –ø–æ Python –∑–∞ –∞–ø—Ä–µ–ª—å 2018,https://proglib.io/p/python-april-2018,–ø–µ—Ä–µ–≤–æ–¥,2018-05-21,,Python,,2,
–ü–∞—Ä—Å–∏–Ω–≥ —Å–∞–π—Ç–æ–≤ –Ω–∞ Python: –ø–æ–¥—Ä–æ–±–Ω—ã–π –≤–∏–¥–µ–æ–∫—É—Ä—Å –∏ –ø—Ä–æ–≥—Ä–∞–º–º–Ω—ã–π –∫–æ–¥,https://proglib.io/p/parsing-course,–ø–æ–¥–±–æ—Ä–∫–∞,2018-02-05,,Python,–ø–∞—Ä—Å–∏–Ω–≥,3,
"–†–µ–≥—É–ª—è—Ä–Ω—ã–µ –≤—ã—Ä–∞–∂–µ–Ω–∏—è, –ø–æ—Å–æ–±–∏–µ –¥–ª—è –Ω–æ–≤–∏—á–∫–æ–≤. –ß–∞—Å—Ç—å 1",https://habr.com/ru/post/115825/,–ø–µ—Ä–µ–≤–æ–¥,2011-03-20,795000,Python,—Ä–µ–≥—É–ª—è—Ä–Ω—ã–µ –≤—ã—Ä–∞–∂–µ–Ω–∏—è,3,
"–†–µ–≥—É–ª—è—Ä–Ω—ã–µ –≤—ã—Ä–∞–∂–µ–Ω–∏—è, –ø–æ—Å–æ–±–∏–µ –¥–ª—è –Ω–æ–≤–∏—á–∫–æ–≤. –ß–∞—Å—Ç—å 2",https://habr.com/ru/post/115436/,–ø–µ—Ä–µ–≤–æ–¥,2011-03-20,225000,Python,—Ä–µ–≥—É–ª—è—Ä–Ω—ã–µ –≤—ã—Ä–∞–∂–µ–Ω–∏—è,3,
–ö–∞–∫ —Å–¥–µ–ª–∞—Ç—å –∏–∑ 123456789 —á–∏—Å–ª–æ 100 –∏–ª–∏ 0,https://habr.com/ru/post/115066/,—Å—Ç–∞—Ç—å—è,2011-03-07,104000,Python,–∞–ª–≥–æ—Ä–∏—Ç–º—ã,4,
–ü—Ä–æ–≥—Ä–∞–º–º–∏—Ä–æ–≤–∞–Ω–∏–µ –∏ –Ω–∞—É—á–Ω—ã–µ –≤—ã—á–∏—Å–ª–µ–Ω–∏—è –Ω–∞ —è–∑—ã–∫–µ Python (–∫—É—Ä—Å –Ω–∞ –í–∏–∫–∏–≤–µ—Ä—Å–∏—Ç–µ—Ç–µ,https://ru.wikiversity.org/wiki/%D0%9F%D1%80%D0%BE%D0%B3%D1%80%D0%B0%D0%BC%D0%BC%D0%B8%D1%80%D0%BE%D0%B2%D0%B0%D0%BD%D0%B8%D0%B5_%D0%B8_%D0%BD%D0%B0%D1%83%D1%87%D0%BD%D1%8B%D0%B5_%D0%B2%D1%8B%D1%87%D0%B8%D1%81%D0%BB%D0%B5%D0%BD%D0%B8%D1%8F_%D0%BD%D0%B0_%D1%8F%D0%B7%D1%8B%D0%BA%D0%B5_Python,–∫—É—Ä—Å,2011-03-01,,Python,"–∫—É—Ä—Å, –Ω–∞—É—á–Ω—ã–µ –≤—ã—á–∏—Å–ª–µ–Ω–∏—è, Python 2",5,"–ö—É—Ä—Å –Ω–∞–ø–∏—Å–∞–Ω –¥–∞–≤–Ω–æ, –ø–æ—ç—Ç–æ–º—É –≤—Ä–µ—Å–∏—è Python 2"
–ù–µ–π—Ä–æ—Å–µ—Ç–∏ –≤ –ø–æ–º–æ—â—å –≥–µ–π–º–¥–µ–≤-—Ö—É–¥–æ–∂–Ω–∏–∫—É: –º–∞—à–∏–Ω–Ω–æ–µ –æ–±—É—á–µ–Ω–∏–µ –¥–ª—è —Å–æ–∑–¥–∞–Ω–∏—è –∏–≥—Ä–æ–≤–æ–≥–æ –ø–∏–∫—Å–µ–ª—å-–∞—Ä—Ç–∞,https://proglib.io/p/neyroseti-v-pomoshch-geymdev-hudozhniku-mashinnoe-obuchenie-dlya-sozdaniya-igrovogo-piksel-arta-2020-04-13,–ø–µ—Ä–µ–≤–æ–¥,2020-04-13,,–ì–ª—É–±–æ–∫–æ–µ –æ–±—É—á–µ–Ω–∏–µ,"–∞—Ä—Ç, –≥–µ–π–º–¥–µ–≤",4,
–ü—Ä–æ—Å—Ç–æ –¥–æ–±–∞–≤—å –Ω–µ–π—Ä–æ—Å–µ—Ç—å: 7 –∏—Å—Ç–æ—Ä–∏—á–µ—Å–∫–∏—Ö —Ñ–∏–ª—å–º–æ–≤ –≤ 4K –∏ 60 FPS,https://proglib.io/p/prosto-dobav-neyroset-7-istoricheskih-filmov-v-4k-i-60-fps-2020-03-15,–ø–æ–¥–±–æ—Ä–∫–∞,2020-03-15,,–ì–ª—É–±–æ–∫–æ–µ –æ–±—É—á–µ–Ω–∏–µ,–≤–∏–¥–µ–æ,5,
–£—á–∏–º –∏—Å–∫—É—Å—Å—Ç–≤–µ–Ω–Ω—ã–π –∏–Ω—Ç–µ–ª–ª–µ–∫—Ç —Ä–∞—Å–∫—Ä–∞—à–∏–≤–∞—Ç—å –∫–æ–Ω—Ç—É—Ä–Ω—ã–µ –∏–∑–æ–±—Ä–∞–∂–µ–Ω–∏—è –ø–µ—Ä—Å–æ–Ω–∞–∂–µ–π –∞–Ω–∏–º–µ,https://proglib.io/p/sketch2color-uchim-iskusstvennyy-intellekt-raskrashivat-konturnye-izobrazheniya-personazhey-anime-2019-12-30,–ø–µ—Ä–µ–≤–æ–¥,2019-12-30,,–ì–ª—É–±–æ–∫–æ–µ –æ–±—É—á–µ–Ω–∏–µ,,3,
"–ì–æ–ª–æ—Å–æ–≤–æ–π DeepFake, –∏–ª–∏ –ö–∞–∫ —Ä–∞–±–æ—Ç–∞–µ—Ç —Ç–µ—Ö–Ω–æ–ª–æ–≥–∏—è –∫–ª–æ–Ω–∏—Ä–æ–≤–∞–Ω–∏—è –≥–æ–ª–æ—Å–∞",https://proglib.io/p/golosovoy-deepfake-ili-kak-rabotaet-tehnologiya-klonirovaniya-golosa-2019-12-11,–ø–µ—Ä–µ–≤–æ–¥,2019-12-11,,–ì–ª—É–±–æ–∫–æ–µ –æ–±—É—á–µ–Ω–∏–µ,,3,
DeepFake-—Ç—É—Ç–æ—Ä–∏–∞–ª: —Å–æ–∑–¥–∞–µ–º —Å–æ–±—Å—Ç–≤–µ–Ω–Ω—ã–π –¥–∏–ø—Ñ–µ–π–∫ –≤ DeepFaceLab,https://proglib.io/p/deepfake-tutorial-sozdaem-sobstvennyy-dipfeyk-v-deepfacelab-2019-11-16,–∏–Ω—Å—Ç—Ä—É–∫—Ü–∏—è,2019-11-16,,–ì–ª—É–±–æ–∫–æ–µ –æ–±—É—á–µ–Ω–∏–µ,,3,
–ê–≤—Ç–æ–º–∞—Ç–∏—á–µ—Å–∫–æ–µ —Ä–∞—Å–ø–æ–∑–Ω–∞–≤–∞–Ω–∏–µ –∞–≤—Ç–æ–º–æ–±–∏–ª—å–Ω—ã—Ö –Ω–æ–º–µ—Ä–æ–≤ –Ω–∞ Raspberry Pi,https://proglib.io/p/avtomaticheskoe-raspoznavanie-avtomobilnyh-nomerov-na-raspberry-pi-2019-11-01,–ø–µ—Ä–µ–≤–æ–¥,2019-11-01,,–ö–æ–º–ø—å—é—Ç–µ—Ä–Ω–æ–µ –∑—Ä–µ–Ω–∏–µ,"–∞–≤—Ç–æ–º–æ–±–∏–ª—å–Ω—ã–µ –Ω–æ–º–µ—Ä–∞, —Ä–∞—Å–ø–æ–∑–Ω–∞–≤–∞–Ω–∏–µ",3,
–£—á–µ–±–Ω—ã–π –ø–ª–∞–Ω –æ—Å–≤–æ–µ–Ω–∏—è –∫–æ–º–ø—å—é—Ç–µ—Ä–Ω–æ–≥–æ –∑—Ä–µ–Ω–∏—è –∑–∞ 8 –Ω–µ–¥–µ–ª—å,https://proglib.io/p/cv-plan,–ø–æ–¥–±–æ—Ä–∫–∞,2019-07-21,,–ö–æ–º–ø—å—é—Ç–µ—Ä–Ω–æ–µ –∑—Ä–µ–Ω–∏–µ,,3,
–ß–µ–∫-–ª–∏—Å—Ç –¥–ª—è –æ—Ç–ª–∞–¥–∫–∏ –Ω–µ–π—Ä–æ–Ω–Ω–æ–π —Å–µ—Ç–∏: 5 —à–∞–≥–æ–≤ –Ω–∞ –ø—É—Ç–∏ –∫ —É—Å–ø–µ—Ö—É,https://proglib.io/p/networks-debugging,–ø–µ—Ä–µ–≤–æ–¥,2019-04-12,,–ì–ª—É–±–æ–∫–æ–µ –æ–±—É—á–µ–Ω–∏–µ,,3,
TensorFlow —É–º–µ—Ä. –î–∞ –∑–¥—Ä–∞–≤—Å—Ç–≤—É–µ—Ç TensorFlow 2.0!,https://proglib.io/p/tensorflow2,–ø–µ—Ä–µ–≤–æ–¥,2019-04-03,,–ì–ª—É–±–æ–∫–æ–µ –æ–±—É—á–µ–Ω–∏–µ,,3,
–§—Ä–µ–π–º–≤–æ—Ä–∫ –≥–ª—É–±–æ–∫–æ–≥–æ –æ–±—É—á–µ–Ω–∏—è –≤ 2019: –≤—ã–±–∏—Ä–∞–µ–º –∏–∑ 10 –ª—É—á—à–∏—Ö,https://proglib.io/p/dl-frameworks,–ø–µ—Ä–µ–≤–æ–¥,2019-02-06,,–ì–ª—É–±–æ–∫–æ–µ –æ–±—É—á–µ–Ω–∏–µ,,3,
"7 —Ç—Ä—é–∫–æ–≤ –¥–ª—è –≥–ª—É–±–æ–∫–æ–≥–æ –æ–±—É—á–µ–Ω–∏—è, –æ –∫–æ—Ç–æ—Ä—ã—Ö –≤—ã –Ω–µ –∑–Ω–∞–ª–∏",https://proglib.io/p/deep-learning-tricks,–ø–µ—Ä–µ–≤–æ–¥,2019-07-14,,–ì–ª—É–±–æ–∫–æ–µ –æ–±—É—á–µ–Ω–∏–µ,,2,
–ù–∞–≥–ª—è–¥–Ω–æ –æ–±—ä—è—Å–Ω—è–µ–º –æ–ø–µ—Ä–∞—Ü–∏—é —Å–≤–µ—Ä—Ç–∫–∏ –≤ –º–æ–¥–µ–ª—è—Ö –≥–ª—É–±–æ–∫–æ–≥–æ –æ–±—É—á–µ–Ω–∏—è,https://proglib.io/p/convolution,–ø–µ—Ä–µ–≤–æ–¥,2018-07-08,,–ì–ª—É–±–æ–∫–æ–µ –æ–±—É—á–µ–Ω–∏–µ,,3,
–£—á–µ–±–Ω—ã–π –ø–ª–∞–Ω –∏–∑—É—á–µ–Ω–∏—è –æ—Å–Ω–æ–≤ –≥–ª—É–±–æ–∫–æ–≥–æ –æ–±—É—á–µ–Ω–∏—è –∏ –Ω–µ–π—Ä–æ—Å–µ—Ç–µ–π –∑–∞ 6 –Ω–µ–¥–µ–ª—å,https://proglib.io/p/deep-learning-in-6-weeks,–ø–æ–¥–±–æ—Ä–∫–∞,2018-06-08,,–ì–ª—É–±–æ–∫–æ–µ –æ–±—É—á–µ–Ω–∏–µ,,3,
–ù–∞–≥–ª—è–¥–Ω–æ–µ –≤–≤–µ–¥–µ–Ω–∏–µ –≤ –Ω–µ–π—Ä–æ—Å–µ—Ç–∏ –Ω–∞ –ø—Ä–∏–º–µ—Ä–µ —Ä–∞—Å–ø–æ–∑–Ω–∞–≤–∞–Ω–∏—è —Ü–∏—Ñ—Ä,https://proglib.io/p/neural-network-course,–ø–æ–¥–±–æ—Ä–∫–∞,2018-03-28,,–ì–ª—É–±–æ–∫–æ–µ –æ–±—É—á–µ–Ω–∏–µ,,3,
–ù–µ–π—Ä–æ–Ω–Ω–∞—è —Å–µ—Ç—å –Ω–∞ Python –≤ 15 —Å—Ç—Ä–æ–∫ –∫–æ–¥–∞ –¥–ª—è –¥–∏–∞–≥–Ω–æ—Å—Ç–∏–∫–∏ –¥–∏–∞–±–µ—Ç–∞,https://proglib.io/p/diabetes-network,–ø–æ–¥–±–æ—Ä–∫–∞,2018-02-06,,–ì–ª—É–±–æ–∫–æ–µ –æ–±—É—á–µ–Ω–∏–µ,,2,
–ß—Ç–æ –Ω–æ–≤–æ–≥–æ –≤ Pandas 1.0? üêº,https://proglib.io/p/chto-novogo-v-pandas-1-0-2020-01-23,–ø–µ—Ä–µ–≤–æ–¥,2020-01-23,,Data Science,,3,
–û–±—É—á–µ–Ω–∏–µ –º–æ–¥–µ–ª–∏ –æ–±–Ω–∞—Ä—É–∂–µ–Ω–∏—è –æ–±—ä–µ–∫—Ç–æ–≤ YOLO –Ω–∞ –ø–æ–ª—å–∑–æ–≤–∞—Ç–µ–ª—å—Å–∫–æ–º –Ω–∞–±–æ—Ä–µ –¥–∞–Ω–Ω—ã—Ö,https://proglib.io/p/obuchenie-modeli-obnaruzheniya-obektov-yolo-na-polzovatelskom-nabore-dannyh-2020-01-21,–ø–µ—Ä–µ–≤–æ–¥,2020-01-21,,–ì–ª—É–±–æ–∫–æ–µ –æ–±—É—á–µ–Ω–∏–µ,,3,
7 –ª—É—á—à–∏—Ö –≤–∏–¥–µ–æ TED –ø–æ —Ç–µ–º–∞—Ç–∏–∫–µ Data Science,https://proglib.io/p/7-luchshih-video-ted-po-tematike-data-science-2020-01-20,–ø–æ–¥–±–æ—Ä–∫–∞,2020-01-20,,Data Science,–≤–∏–¥–µ–æ,3,
"–û–ø—ã—Ç —Ä–∞–∑—Ä–∞–±–æ—Ç–∫–∏: –ø–æ—á–µ–º—É –º—ã –ø–∏—à–µ–º –∏–Ω—Ñ—Ä–∞—Å—Ç—Ä—É–∫—Ç—É—Ä—É –º–∞—à–∏–Ω–Ω–æ–≥–æ –æ–±—É—á–µ–Ω–∏—è –Ω–∞ Go, –∞ –Ω–µ –Ω–∞ Python",https://proglib.io/p/opyt-razrabotki-pochemu-my-pishem-infrastrukturu-mashinnogo-obucheniya-na-go-a-ne-na-python-2020-01-15,–ø–µ—Ä–µ–≤–æ–¥,2020-01-15,,Data Science,"Go, Python",3,
–ê–Ω–∞–ª–∏–∑–∏—Ä—É–π –¥–∞–Ω–Ω—ã–µ —Å –ø–æ–º–æ—â—å—é –æ–¥–Ω–æ–π —Å—Ç—Ä–æ–∫–∏ –Ω–∞ Python,https://proglib.io/p/analiziruy-dannye-s-pomoshchyu-odnoy-stroki-koda-na-python-2019-10-02,–ø–µ—Ä–µ–≤–æ–¥,2019-10-02,,Data Science,Python,5,
Big Data: —Ä–∞–∑–º–µ—Ä –∏–º–µ–µ—Ç –∑–Ω–∞—á–µ–Ω–∏–µ,https://proglib.io/p/big-data-razmer-imeet-znachenie-2019-10-19,–ø–µ—Ä–µ–≤–æ–¥,2019-10-19,,Data Science,,3,
7 —Ñ—Ä–µ–π–º–≤–æ—Ä–∫–æ–≤ –∞–≤—Ç–æ–º–∞—Ç–∏—á–µ—Å–∫–æ–≥–æ –º–∞—à–∏–Ω–Ω–æ–≥–æ –æ–±—É—á–µ–Ω–∏—è,https://proglib.io/p/auto-ml,–ø–µ—Ä–µ–≤–æ–¥,2019-08-08,,Data Science,AutoML,3,
–í—Å—Ç—Ä–µ—á–∞–π—Ç–µ: –≤–µ—Ä—Å–∏—è 4.0 –≥—Ä–∞—Ñ–∏—á–µ—Å–∫–æ–π –±–∏–±–ª–∏–æ—Ç–µ–∫–∏ plotly –¥–ª—è Python,https://proglib.io/p/plotly-4,–ø–µ—Ä–µ–≤–æ–¥,2019-07-30,,Data Science,Plotly,3,
–ó–∞–±—É–¥—å—Ç–µ –æ matplotlib: –≤–∏–∑—É–∞–ª–∏–∑–∞—Ü–∏—è –¥–∞–Ω–Ω—ã—Ö –≤ Python –≤–º–µ—Å—Ç–µ —Å plotly,https://proglib.io/p/plotly,–ø–µ—Ä–µ–≤–æ–¥,2019-01-26,,Data Science,Plotly,3,
–¢–µ–æ—Ä–µ–º–∞ –ë–∞–π–µ—Å–∞: –°–≤—è—Ç–æ–π –ì—Ä–∞–∞–ª—å Data Science,https://proglib.io/p/bayes-theorem,–ø–µ—Ä–µ–≤–æ–¥,2019-01-15,,Data Science,–º–∞—Ç–µ–º–∞—Ç–∏–∫–∞,3,
Jupyter Notebook: –≥–∞–ª–µ—Ä–µ—è –±–ª–æ–∫–Ω–æ—Ç–æ–≤ –ø–æ ML –∏ Data Science,https://proglib.io/p/jupyter-notebook-best,–ø–µ—Ä–µ–≤–æ–¥,2018-12-01,,Data Science,Jupyter,5,
–ò—Å–∫—É—Å—Å—Ç–≤–µ–Ω–Ω—ã–π –∏–Ω—Ç–µ–ª–ª–µ–∫—Ç –∏ —Ä–æ—Å—Ç –≤—ã—á–∏—Å–ª–∏—Ç–µ–ª—å–Ω—ã—Ö –º–æ—â–Ω–æ—Å—Ç–µ–π,https://proglib.io/p/ai-and-compute,–ø–µ—Ä–µ–≤–æ–¥,2018-06-14,,Data Science,,3,
–ú–Ω–µ–Ω–∏—è –ª—é–¥–µ–π –∏–∑ –∏–Ω–¥—É—Å—Ç—Ä–∏–∏ Data Science –æ —Ä–∞–∑–≤–∏—Ç–∏–∏ –æ—Ç—Ä–∞—Å–ª–∏,https://proglib.io/p/data-science-dialogues,—Å—Ç–∞—Ç—å—è,2018-06-04,,Data Science,–º–Ω–µ–Ω–∏—è,4,
–¢–û–ü-10 –º–∏—Ä–æ–≤—ã—Ö –ø—É–±–ª–∏–∫–∞—Ü–∏–π –ø–æ –º–∞—à–∏–Ω–Ω–æ–º—É –æ–±—É—á–µ–Ω–∏—é –∑–∞ –∞–ø—Ä–µ–ª—å 2018,https://proglib.io/p/ml-april-2018,–ø–µ—Ä–µ–≤–æ–¥,2018-05-30,,Data Science,,3,
10 —Ä–µ—Ü–µ–ø—Ç–æ–≤ –º–∞—à–∏–Ω–Ω–æ–≥–æ –æ–±—É—á–µ–Ω–∏—è –æ—Ç —Ä–∞–∑—Ä–∞–±–æ—Ç—á–∏–∫–æ–≤ Google,https://proglib.io/p/google-ml-recipes,–ø–µ—Ä–µ–≤–æ–¥,2018-05-19,,Data Science,Google,3,
JupyterLab –∏ Jupyter Notebook ‚Äî –º–æ—â–Ω—ã–µ –∏–Ω—Å—Ç—Ä—É–º–µ–Ω—Ç—ã Data Scienc,https://proglib.io/p/jupyter-notebook-best,—Å—Ç–∞—Ç—å—è,2018-12-01,,Data Science,,4,
–û—Ç –Ω–æ–≤–∏—á–∫–∞ –¥–æ –ø—Ä–æ—Ñ–∏ –≤ –º–∞—à–∏–Ω–Ω–æ–º –æ–±—É—á–µ–Ω–∏–∏ –∑–∞ 3 –º–µ—Å—è—Ü–∞,https://proglib.io/p/ml-3months,–ø–æ–¥–±–æ—Ä–∫–∞,2018-03-09,,Data Science,,5,
–°—Ç–∞—Ä—Ç–∞–ø –≤ —Å—Ñ–µ—Ä–µ –∏—Å–∫—É—Å—Å—Ç–≤–µ–Ω–Ω–æ–≥–æ –∏–Ω—Ç–µ–ª–ª–µ–∫—Ç–∞ –≤ 2018,https://proglib.io/p/ai-startup,–ø–µ—Ä–µ–≤–æ–¥,2018-03-02,,Data Science,,3,
–¢—Ä–µ–π–¥–∏–Ω–≥ –∏ –º–∞—à–∏–Ω–Ω–æ–µ –æ–±—É—á–µ–Ω–∏–µ —Å –ø–æ–¥–∫—Ä–µ–ø–ª–µ–Ω–∏–µ–º,https://proglib.io/p/trade-learning,–ø–µ—Ä–µ–≤–æ–¥,2018-02-15,,Data Science,,3,
Python –∏ R: —á—Ç–æ –≤—ã–±—Ä–∞—Ç—å –¥–ª—è Data Science –≤ 2018?,https://proglib.io/p/python-vs-r,–ø–µ—Ä–µ–≤–æ–¥,2018-01-16,,Data Science,"Python, R",3,
–°–æ–∑–¥–∞–µ–º –±–æ—Ç–∞ –≤ Facebook –Ω–∞ Python –º–µ–Ω–µ–µ —á–µ–º –∑–∞ 60 –º–∏–Ω—É—Ç,https://proglib.io/p/facebook-bot-with-python,–ø–µ—Ä–µ–≤–æ–¥,2018-01-11,,Python,Facebook,3,
–î–≤–æ–π–Ω—ã–µ —Ñ–∞–º–∏–ª–∏–∏,https://proglib.io/p/zadacha-o-dvoynyh-familiyah-2020-01-11,–≥–æ–ª–æ–≤–æ–ª–æ–º–∫–∞,2020-01-11,,–ì–æ–ª–æ–≤–æ–ª–æ–º–∫–∞,,5,
–°–ø—Ä—è—Ç–∞–Ω–Ω–æ–µ —Ä–µ—à–µ–Ω–∏–µ,https://proglib.io/p/zadacha-o-spryatannom-reshenii-2020-01-11,–≥–æ–ª–æ–≤–æ–ª–æ–º–∫–∞,2020-01-11,,–ì–æ–ª–æ–≤–æ–ª–æ–º–∫–∞,,5,
–û—Å—Ç—Ä–æ–≤ —Ö–∞–º–µ–ª–µ–æ–Ω–æ–≤,https://proglib.io/p/zadacha-ob-ostrove-hameleonov-2020-01-13,–≥–æ–ª–æ–≤–æ–ª–æ–º–∫–∞,2020-01-13,,–ì–æ–ª–æ–≤–æ–ª–æ–º–∫–∞,,5,
–ù–æ–º–µ—Ä –¢—å—é—Ä–∏–Ω–≥–∞,https://proglib.io/p/zadacha-o-familii-tyuringa-2020-01-14,–≥–æ–ª–æ–≤–æ–ª–æ–º–∫–∞,2020-01-14,,–ì–æ–ª–æ–≤–æ–ª–æ–º–∫–∞,,5,
–í—Ä–µ–º—è –≤–µ–ª–∏–∫–∏—Ö —É—á—ë–Ω—ã—Ö,https://proglib.io/p/zadacha-s-sobesedovaniya-idei-proekta-vremya-velikih-uchenyh-2020-01-15,–≥–æ–ª–æ–≤–æ–ª–æ–º–∫–∞,2020-01-15,,–ì–æ–ª–æ–≤–æ–ª–æ–º–∫–∞,,5,
–ü—Ä–æ–≥—É–ª–∏–≤–∞—é—â–∏–µ—Å—è –¥–∂–µ–Ω—Ç–ª—å–º–µ–Ω—ã,https://proglib.io/p/zadacha-o-progulivayushchihsya-dzhentlmenah-2020-01-18,–≥–æ–ª–æ–≤–æ–ª–æ–º–∫–∞,2020-01-18,,–ì–æ–ª–æ–≤–æ–ª–æ–º–∫–∞,,5,
–ß–∞—Å—ã —Å –æ–¥–∏–Ω–∞–∫–æ–≤—ã–º–∏ —Å—Ç—Ä–µ–ª–∫–∞–º–∏,https://proglib.io/p/zadacha-o-chasah-s-odinakovymi-strelkami-2020-01-22,–≥–æ–ª–æ–≤–æ–ª–æ–º–∫–∞,2020-01-22,,–ì–æ–ª–æ–≤–æ–ª–æ–º–∫–∞,,5,
–í–∏—Ä—É—Å –≤ –∫–æ–ª–æ–Ω–∏–∏ –±–∞–∫—Ç–µ—Ä–∏–π,https://proglib.io/p/zadacha-o-viruse-v-kolonii-bakteriy-2020-01-25,–≥–æ–ª–æ–≤–æ–ª–æ–º–∫–∞,2020-01-25,,–ì–æ–ª–æ–≤–æ–ª–æ–º–∫–∞,,5,
–®–µ—Å—Ç—å —à–∞—Ö–º–∞—Ç–Ω—ã—Ö –∫–æ–Ω–µ–π,https://proglib.io/p/zadacha-o-shesti-shahmatnyh-konyah-2020-01-29,–≥–æ–ª–æ–≤–æ–ª–æ–º–∫–∞,2020-01-29,,–ì–æ–ª–æ–≤–æ–ª–æ–º–∫–∞,,5,
–ó–∞–¥–∞—á–∞ –æ –±–µ–≥–ª–µ—Ü,https://proglib.io/p/zadacha-o-beglece-2020-02-01,–≥–æ–ª–æ–≤–æ–ª–æ–º–∫–∞,2020-02-01,,–ì–æ–ª–æ–≤–æ–ª–æ–º–∫–∞,,5,
–ß–µ—à–∏—Ä—Å–∫–∏–π –∫–æ—Ç –∏ —á–∏—Å–ª–æ –ø–∞–ª–∏–Ω–¥—Ä–æ–º–æ–≤,https://proglib.io/p/zagadka-cheshirskogo-kota-o-chisle-palindromov-2020-02-05,–≥–æ–ª–æ–≤–æ–ª–æ–º–∫–∞,2020-02-05,,–ì–æ–ª–æ–≤–æ–ª–æ–º–∫–∞,,5,
–ö–∞—Ä—Ç–æ—á–Ω–∞—è –≥–æ–ª–æ–≤–æ–ª–æ–º–∫–∞ –ö–æ–Ω–≤–µ—è,https://proglib.io/p/risuem-programmiruya-mashinnaya-generaciya-hudozhestvennyh-uzorov-v-vektornyh-polyah-2020-02-06,–≥–æ–ª–æ–≤–æ–ª–æ–º–∫–∞,2020-02-06,,–ì–æ–ª–æ–≤–æ–ª–æ–º–∫–∞,,5,
–ó–∞–¥–∞—á–∞ –æ –Ω–µ–æ–±—ã—á–Ω–æ–º –∑–∞–º–∫–µ,https://proglib.io/p/zadacha-o-vzlome-bankovskogo-zamka-s-semyu-rychazhkami-2020-02-12,–≥–æ–ª–æ–≤–æ–ª–æ–º–∫–∞,2020-02-12,,–ì–æ–ª–æ–≤–æ–ª–æ–º–∫–∞,,5,
–ê–ª–≥–æ—Ä–∏—Ç–º–∏—á–µ—Å–∫–∞—è –≥–æ–ª–æ–≤–æ–ª–æ–º–∫–∞ –æ –ª—è–≥—É—à–∫–∞—Ö,https://proglib.io/p/pryg-pryg-algoritmicheskaya-golovolomka-o-lyagushkah-2020-02-15,–≥–æ–ª–æ–≤–æ–ª–æ–º–∫–∞,2020-02-15,,–ì–æ–ª–æ–≤–æ–ª–æ–º–∫–∞,,5,
–ó–∞–¥–∞—á–∞ –°—Ñ–∏–Ω–∫—Å–∞ –æ —Ä–∞–∑—Ä–µ–∑–∞–Ω–∏–∏ –ª–µ—Å—Ç–Ω–∏—Ü,https://proglib.io/p/obygray-sfinksa-logicheskaya-golovolomka-o-razrezanii-lestnic-2020-02-19,–≥–æ–ª–æ–≤–æ–ª–æ–º–∫–∞,2020-02-19,,–ì–æ–ª–æ–≤–æ–ª–æ–º–∫–∞,,5,
–°–æ–±–µ—Å–µ–¥–æ–≤–∞–Ω–∏–µ –∏ —Å–µ–º—å –≥–Ω–æ–º–æ–≤: –∑–∞–¥–∞—á–∏ —Å –∏–Ω—Ç–µ—Ä–≤—å—é –≤ IT-–∫–æ–º–ø–∞–Ω–∏—è—Ö,https://proglib.io/p/sobesedovanie-i-sem-gnomov-zadachi-s-intervyu-v-it-kompaniyah-2020-02-22,–≥–æ–ª–æ–≤–æ–ª–æ–º–∫–∞,2020-02-22,,–ì–æ–ª–æ–≤–æ–ª–æ–º–∫–∞,—Ç—Ä—É–¥–æ—É—Å—Ç—Ä–æ–π—Å—Ç–≤–æ,3,
50 —Ä—É—Å—Å–∫–æ—è–∑—ã—á–Ω—ã—Ö YouTube-–∫–∞–Ω–∞–ª–æ–≤ –æ —è–∑—ã–∫–∞—Ö –ø—Ä–æ–≥—Ä–∞–º–º–∏—Ä–æ–≤–∞–Ω–∏—è,https://proglib.io/p/50-russkoyazychnyh-youtube-kanalov-o-yazykah-programmirovaniya-2020-04-22,–ø–æ–¥–±–æ—Ä–∫–∞,2020-04-22,,"–í–∏–¥–µ–æ, –∫—É—Ä—Å—ã, —Å—Å—ã–ª–∫–∏","YouTube, –≤–∏–¥–µ–æ",4,
–ë–µ—Å–ø–ª–∞—Ç–Ω—ã–µ —Ä—É—Å—Å–∫–æ—è–∑—ã—á–Ω—ã–µ –æ–Ω–ª–∞–π–Ω-–∫—É—Ä—Å—ã –ø–æ IT-—Å–ø–µ—Ü–∏–∞–ª—å–Ω–æ—Å—Ç—è–º,https://proglib.io/p/superpodborka-bolee-70-besplatnyh-russkoyazychnyh-onlayn-kursov-po-it-specialnostyam-2020-03-25,–ø–æ–¥–±–æ—Ä–∫–∞,2020-03-25,,"–í–∏–¥–µ–æ, –∫—É—Ä—Å—ã, —Å—Å—ã–ª–∫–∏",–∫—É—Ä—Å—ã,5,
"–ö–∞–∫ –Ω–∞–ø–∏—Å–∞—Ç—å –∫–æ–¥, –∫–æ—Ç–æ—Ä—ã–π –ø–æ–ª—é–±—è—Ç –≤—Å–µ",https://proglib.io/p/kak-napisat-kod-kotoryy-polyubyat-vse-2020-03-17,—Å—Ç–∞—Ç—å—è,2020-03-17,,–ü—Ä–æ–µ–∫—Ç–∏—Ä–æ–≤–∞–Ω–∏–µ,,5,
"–ö–∞–∫ –Ω–µ ¬´—Å–≥–æ—Ä–µ—Ç—å –Ω–∞ —Ä–∞–±–æ—Ç–µ¬ª, –µ—Å–ª–∏ —Ç—ã –ø—Ä–æ–≥—Ä–∞–º–º–∏—Å—Ç",https://proglib.io/p/kak-ne-sgoret-na-rabote-esli-ty-programmist-2020-03-12,—Å—Ç–∞—Ç—å—è,2020-03-12,,–ö—É—Ä—å–µ—Ä–∞,"—Ä–∞–±–æ—Ç–∞, –≤—ã–≥–æ—Ä–∞–Ω–∏–µ",4,
PICO-8 –∏ TIC-80. –≠–∫—Å–∫—É—Ä—Å–∏—è –≤ –º–∏—Ä –≤–∏—Ä—Ç—É–∞–ª—å–Ω—ã—Ö –∫–æ–Ω—Å–æ–ª–µ–π –¥–ª—è —Å–æ–∑–¥–∞–Ω–∏—è —Ä–µ—Ç—Ä–æ-–∏–≥—Ä,https://proglib.io/p/pico-8-i-tic-80-ekskursiya-v-mir-virtualnyh-konsoley-dlya-sozdaniya-retro-igr-2020-02-29,—Å—Ç–∞—Ç—å—è,2020-02-29,,GameDev,,4,
–ö–∞–∫ —à–∏—Ñ—Ä–æ–≤–∞—Ç—å –∏–Ω—Ñ–æ—Ä–º–∞—Ü–∏—é —Å –ø–æ–º–æ—â—å—é —Ä–æ—Å—Ç–∞ –∫—Ä–∏—Å—Ç–∞–ª–ª–æ–≤,https://proglib.io/p/kak-shifrovat-informaciyu-s-pomoshchyu-rosta-kristallov-2020-02-24,–ø–µ—Ä–µ–≤–æ–¥,2020-02-24,,–®–∏—Ñ—Ä–æ–≤–∞–Ω–∏–µ,,4,
"100+ –ª–µ–∫—Ü–∏–π —ç–∫—Å–ø–µ—Ä—Ç–æ–≤ –ü–æ—Å—Ç–Ω–∞—É–∫–∏ –æ–± –∞–Ω–∞–ª–∏–∑–µ –¥–∞–Ω–Ω—ã—Ö, –ò–ò, —Ä–æ–±–æ—Ç–∞—Ö, –º–∞—Ç–µ–º–∞—Ç–∏–∫–µ –∏ —Å–µ—Ç—è—Ö",https://proglib.io/p/100-videolekciy-ekspertov-postnauki-2020-02-16,–ø–æ–¥–±–æ—Ä–∫–∞,2020-02-16,,"–í–∏–¥–µ–æ, –∫—É—Ä—Å—ã, —Å—Å—ã–ª–∫–∏",,3,
–ü–µ—Ä–µ–∑–∞—Ä—è–∂–∞–µ–º —Ç–µ—Ä–º–∏–Ω–∞–ª: GitHub CLI –≤ –¥–µ–π—Å—Ç–≤–∏–∏,https://proglib.io/p/perezaryazhaem-terminal-github-cli-v-deystvii-2020-02-14,–ø–µ—Ä–µ–≤–æ–¥,2020-02-14,,–ö–æ–Ω—Ç—Ä–æ–ª—å –≤–µ—Ä—Å–∏–π,GitHub,5,
–ê–≤—Ç–æ—Å—Ç–æ–ø–æ–º –ø–æ TED: 42 —è—Ä–∫–∏—Ö –≤—ã—Å—Ç—É–ø–ª–µ–Ω–∏—è –Ω–∞ —Ç–µ–º—ã –≤–±–ª–∏–∑–∏ IT,https://proglib.io/p/avtostopom-po-ted-42-yarkih-vystupleniya-na-temy-vblizi-it-2020-02-11,–ø–æ–¥–±–æ—Ä–∫–∞,2020-02-11,,"–í–∏–¥–µ–æ, –∫—É—Ä—Å—ã, —Å—Å—ã–ª–∫–∏",,5,
"–†–∏—Å—É–µ–º, –ø—Ä–æ–≥—Ä–∞–º–º–∏—Ä—É—è. –ú–∞—à–∏–Ω–Ω–∞—è –≥–µ–Ω–µ—Ä–∞—Ü–∏—è —Ö—É–¥–æ–∂–µ—Å—Ç–≤–µ–Ω–Ω—ã—Ö —É–∑–æ—Ä–æ–≤ –≤ –≤–µ–∫—Ç–æ—Ä–Ω—ã—Ö –ø–æ–ª—è—Ö",https://proglib.io/p/risuem-programmiruya-mashinnaya-generaciya-hudozhestvennyh-uzorov-v-vektornyh-polyah-2020-02-06,–ø–µ—Ä–µ–≤–æ–¥,2020-02-06,,–ü—Ä–æ–≥—Ä–∞–º–º–∏—Ä—É–µ–º—ã–π –∞—Ä—Ç,,5,
¬´–Ø —Ç–µ–±—è –ø–æ IP –≤—ã—á–∏—Å–ª—é¬ª: –∫–∞–∫ —Ö–∞–∫–µ—Ä—ã —Ä–∞—Å—Å–µ–∫—Ä–µ—á–∏–≤–∞—é—Ç –∑–≤–µ–Ω—å—è —Ü–µ–ø–∏ Tor,https://proglib.io/p/deanonimizaciya-cepochek-uzlov-tor-2020-02-04,–ø–µ—Ä–µ–≤–æ–¥,2020-02-14,,Tor,,3,
"–ì—Ä–∞—Ñ–∏—á–µ—Å–∫–∏–π –ø—Ä–∏—ë–º, –±–ª–∞–≥–æ–¥–∞—Ä—è –∫–æ—Ç–æ—Ä–æ–º—É –ø–æ–ª—å–∑–æ–≤–∞—Ç–µ–ª–∏ –±—É–¥—É—Ç —Ä–µ–≥–∏—Å—Ç—Ä–∏—Ä–æ–≤–∞—Ç—å—Å—è —á–∞—â–µ",https://proglib.io/p/graficheskiy-priem-blagodarya-kotoromu-polzovateli-budut-registrirovatsya-chashche-2020-01-20,–ø–µ—Ä–µ–≤–æ–¥,2020-01-20,,–î–∏–∑–∞–π–Ω,,3,
–•–∞–∫–∏–Ω–≥ –º–æ–∑–≥–∞. –û–±—Ä–∞–±–æ—Ç–∫–∞ —Å–∏–≥–Ω–∞–ª–æ–≤ –º—ã—Å–ª–∏—Ç–µ–ª—å–Ω–æ–π –∞–∫—Ç–∏–≤–Ω–æ—Å—Ç–∏ —Å –∏–Ω—Ç–µ—Ä—Ñ–µ–π—Å–æ–º OpenBCI,https://proglib.io/p/haking-mozga-obrabotka-signalov-myslitelnoy-aktivnosti-s-interfeysom-openbci-2020-01-20,–ø–µ—Ä–µ–≤–æ–¥,2020-01-20,,–•–∞–∫–∏–Ω–≥ –º–æ–∑–≥–∞,–≠–≠–ì,3,
–§—É–Ω–∫—Ü–∏–æ–Ω–∞–ª—å–Ω—ã–π JavaScript: 6 –æ–±—Ä–∞–∑—Ü–æ–≤ –∫–æ–¥–∞ –±–µ–∑ —Ü–∏–∫–ª–∞ for,https://proglib.io/p/funkcionalnyy-javascript-6-obrazcov-koda-bez-cikla-for-2020-01-13,–ø–µ—Ä–µ–≤–æ–¥,2020-01-13,,JavaScript,,3,
6 –∏–¥–µ–π –ø—Ä–æ–µ–∫—Ç–æ–≤ –≤—ã—Ö–æ–¥–Ω–æ–≥–æ –¥–Ω—è,https://proglib.io/p/6-idey-proektov-vyhodnogo-dnya-2020-01-11,–ø–µ—Ä–µ–≤–æ–¥,2020-01-11,,–ü—Ä–æ–µ–∫—Ç –≤—ã—Ö–æ–¥–Ω–æ–≥–æ –¥–Ω—è,,5,
GitLab –∏–ª–∏ GitHub? –ö–∞–∫ –≤—ã–±—Ä–∞—Ç—å —Ä–µ—Å—É—Ä—Å –ø–æ–¥ –æ–ø—Ä–µ–¥–µ–ª—ë–Ω–Ω—ã–π —Ç–∏–ø —Ä–µ–ø–æ–∑–∏—Ç–æ—Ä–∏—è,https://proglib.io/p/gitlab-ili-github-kak-vybrat-resurs-pod-opredelennyy-tip-repozitoriya-2020-01-06,–ø–µ—Ä–µ–≤–æ–¥,2020-01-06,,–ö–æ–Ω—Ç—Ä–æ–ª—å –≤–µ—Ä—Å–∏–π,"GitHub, GitLab",3,
20 —Ç–µ–Ω–¥–µ–Ω—Ü–∏–π –≤ —Ä–∞–∑—Ä–∞–±–æ—Ç–∫–µ –ø—Ä–æ–≥—Ä–∞–º–º–Ω–æ–≥–æ –æ–±–µ—Å–ø–µ—á–µ–Ω–∏—è –Ω–∞ 2020 –≥–æ–¥,https://proglib.io/p/20-tendenciy-v-razrabotke-programmnogo-obespecheniya-na-2020-god-2019-12-20,–ø–µ—Ä–µ–≤–æ–¥,2019-12-20,,–¢–µ–Ω–¥–µ–Ω—Ü–∏–∏,,2,
–ë–µ–∑–æ–ø–∞—Å–Ω–æ—Å—Ç—å –ø—Ä–µ–∂–¥–µ –≤—Å–µ–≥–æ: –∫–∞–∫ –∑–∞—â–∏—Ç–∏—Ç—å Linux –Ω–∞ —Å–µ—Ä–≤–µ—Ä–µ VPS,https://proglib.io/p/bezopasnost-prezhde-vsego-kak-zashchitit-linux-na-servere-vps-2019-12-04,–ø–µ—Ä–µ–≤–æ–¥,2019-12-04,,Linux,,2,
–í–µ–±—Ö—É–∫–∏: –∫–∞–∫ –ø–æ–ª—É—á–∞—Ç—å –¥–∞–Ω–Ω—ã–µ –±–µ–∑ –ø—Ä–æ–º–µ–¥–ª–µ–Ω–∏—è –∏ –æ–ø—Ä–æ—Å–æ–≤ API,https://proglib.io/p/vebhuki-kak-poluchat-dannye-bez-promedleniya-i-oprosov-api-2019-11-09,–ø–µ—Ä–µ–≤–æ–¥,2019-12-09,,Web,,2,
–ü–∏—à–µ–º –ø—Ä–æ—Å—Ç–æ–π –≥—Ä–∞–±–±–µ—Ä –¥–ª—è Telegram —á–∞—Ç–æ–≤ –Ω–∞ Python,https://proglib.io/p/pishem-prostoy-grabber-dlya-telegram-chatov-na-python-2019-11-06,—Å—Ç–∞—Ç—å—è,2019-11-06,,Telegram,,2,
–ß–∏—Ç–∞–µ–º—ã–π –∫–æ–¥: 10 –ø—Ä–∞–∫—Ç–∏–∫ —É—Å–ø–µ—à–Ω–æ–≥–æ –Ω–∞–ø–∏—Å–∞–Ω–∏—è,https://proglib.io/p/clean-code,–ø–µ—Ä–µ–≤–æ–¥,2019-07-10,,–ü—Ä–æ–µ–∫—Ç–∏—Ä–æ–≤–∞–Ω–∏–µ,,2,
–î–∞–π–¥–∂–µ—Å—Ç: 300 —Å—Å—ã–ª–æ–∫ –Ω–∞ –æ–±—É—á–∞—é—â–∏–µ —Ä–µ—Å—É—Ä—Å—ã –ø–æ –ø—Ä–æ–≥—Ä–∞–º–º–∏—Ä–æ–≤–∞–Ω–∏—é,https://proglib.io/p/300-programming-urls,–ø–æ–¥–±–æ—Ä–∫–∞,2018-11-25,,"–í–∏–¥–µ–æ, –∫—É—Ä—Å—ã, —Å—Å—ã–ª–∫–∏",,2,
"–ö–∞—Ä—å–µ—Ä–Ω—ã–π —Ä–æ—Å—Ç: –≤ —á–µ–º —Ä–∞–∑–Ω–∏—Ü–∞ –º–µ–∂–¥—É Junior, Middle –∏ Senior?",https://proglib.io/p/junior-middle-senior,–ø–µ—Ä–µ–≤–æ–¥,2018-09-23,,–ö–∞—Ä—å–µ—Ä–∞,,2,
"12 –ø—Ä–æ—Å—Ç—ã—Ö —Å–æ–≤–µ—Ç–æ–≤ —Ç–µ–º, –∫—Ç–æ —Å–∞–º–æ—Å—Ç–æ—è—Ç–µ–ª—å–Ω–æ —É—á–∏—Ç –º–∞—Ç–µ–º–∞—Ç–∏–∫—É",https://proglib.io/p/learn-math,—Å—Ç–∞—Ç—å—è,2018-09-15,,–ú–∞—Ç–µ–º–∞—Ç–∏–∫–∞,,5,
"9 –≥–∏—Ñ–æ–∫, –Ω–∞–≥–ª—è–¥–Ω–æ –∏–ª–ª—é—Å—Ç—Ä–∏—Ä—É—é—â–∏—Ö –¥–∏—Ñ—Ñ–µ—Ä–µ–Ω—Ü–∏—Ä—É–µ–º–æ—Å—Ç—å —Ñ—É–Ω–∫—Ü–∏–∏",https://proglib.io/p/diff,—Å—Ç–∞—Ç—å—è,2018-09-09,,–ú–∞—Ç–µ–º–∞—Ç–∏–∫–∞,,3,
–î–µ—Ç–∞–ª—å–Ω—ã–π –ø–ª–∞–Ω —Å–∞–º–æ–æ–±—Ä–∞–∑–æ–≤–∞–Ω–∏—è –≤ Computer Science –∑–∞ –ø–æ–ª—Ç–æ—Ä–∞ –≥–æ–¥–∞,https://proglib.io/p/cs-learning,–ø–æ–¥–±–æ—Ä–∫–∞,2018-05-03,,"–í–∏–¥–µ–æ, –∫—É—Ä—Å—ã, —Å—Å—ã–ª–∫–∏",,5,
–û—Ç –Ω–æ–≤–∏—á–∫–∞ –¥–æ –ø—Ä–æ—Ñ–∏ –≤ –±–ª–æ–∫—á–µ–π–Ω-—Ç–µ—Ö–Ω–æ–ª–æ–≥–∏—è—Ö –∑–∞ 2 –º–µ—Å—è—Ü–∞,https://proglib.io/p/blockchain-plan,–ø–µ—Ä–µ–≤–æ–¥,2018-04-08,,–ë–ª–æ–∫—á–µ–π–Ω,,3,
–ë–æ–ª–µ–µ 200 –∏–∑–±—Ä–∞–Ω–Ω—ã—Ö —Å—Å—ã–ª–æ–∫ –Ω–∞ –º–∞—Ç–µ—Ä–∏–∞–ª—ã –æ —è–∑—ã–∫–µ Go,https://proglib.io/p/golinks,–ø–æ–¥–±–æ—Ä–∫–∞,2018-03-17,,Go,,4,
–ö–∞–∫ –ø–æ–ª—É—á–∏—Ç—å –æ–ø—ã—Ç –∏ –∑–∞—Ä–∞–±–∞—Ç—ã–≤–∞—Ç—å –Ω–∞ Open Source –ø—Ä–æ–µ–∫—Ç–∞—Ö,https://proglib.io/p/open-source,–ø–µ—Ä–µ–≤–æ–¥,2018-03-16,,Open source,,4,
–ò–ª–ª—é—Å—Ç—Ä–∞—Ç–∏–≤–Ω—ã–π –≤–∏–¥–µ–æ–∫—É—Ä—Å –º–∞—Ç–µ–º–∞—Ç–∏—á–µ—Å–∫–æ–≥–æ –∞–Ω–∞–ª–∏–∑–∞: 10 —É—Ä–æ–∫–æ–≤,https://proglib.io/p/calculus,–ø–æ–¥–±–æ—Ä–∫–∞,2018-02-25,,"–í–∏–¥–µ–æ, –∫—É—Ä—Å—ã, —Å—Å—ã–ª–∫–∏",,4,
–ò–ª–ª—é—Å—Ç—Ä–∞—Ç–∏–≤–Ω—ã–π –≤–∏–¥–µ–æ–∫—É—Ä—Å –ø–æ –ª–∏–Ω–µ–π–Ω–æ–π –∞–ª–≥–µ–±—Ä–µ: 11 —É—Ä–æ–∫–æ–≤,https://proglib.io/p/algebra,–ø–æ–¥–±–æ—Ä–∫–∞,2018-02-09,,"–í–∏–¥–µ–æ, –∫—É—Ä—Å—ã, —Å—Å—ã–ª–∫–∏",,4,
–ö–∞–∫ –ø—Ä–∞–≤–∏–ª—å–Ω–æ –∏—Å–∫–∞—Ç—å –∏ —á–∏—Ç–∞—Ç—å –Ω–∞—É—á–Ω—ã–µ —Å—Ç–∞—Ç—å–∏?,https://proglib.io/p/research-papers,—Å—Ç–∞—Ç—å—è,2018-02-01,,"–í–∏–¥–µ–æ, –∫—É—Ä—Å—ã, —Å—Å—ã–ª–∫–∏",,4,
–°–æ–∑–¥–∞–µ–º –ø–µ—Ä–≤—ã–π —Å–º–∞—Ä—Ç-–∫–æ–Ω—Ç—Ä–∞–∫—Ç –Ω–∞ Ethereum –º–µ–Ω–µ–µ —á–µ–º –∑–∞ 60 –º–∏–Ω—É—Ç,https://proglib.io/p/smart-contract,–ø–µ—Ä–µ–≤–æ–¥,2018-01-29,,–ë–ª–æ–∫—á–µ–π–Ω,,3,
–ò–º–ø—É–ª—å—Å–Ω—ã–µ –Ω–µ–π—Ä–æ–Ω–Ω—ã–µ —Å–µ—Ç–∏: –º–æ–∑–≥ –≤ –∫–æ–º–ø—å—é—Ç–µ—Ä–µ,https://proglib.io/p/spiking-neural-networks,–ø–µ—Ä–µ–≤–æ–¥,2018-01-22,,–ì–ª—É–±–æ–∫–æ–µ –æ–±—É—á–µ–Ω–∏–µ,,2,
–ö–∞–∫ –ø–æ–º–æ—á—å —Ä–µ–±–µ–Ω–∫—É –≤—ã—É—á–∏—Ç—å —Ç–∞–±–ª–∏—Ü—É —É–º–Ω–æ–∂–µ–Ω–∏—è,https://habr.com/ru/post/126043/,—Å—Ç–∞—Ç—å—è,2011-08-11,1000,–ú–∞—Ç–µ–º–∞—Ç–∏–∫–∞,,5,